iteration,value,desvio,tipo
0,43.73426708607733,5.465668631563847,TGC
1,98.88190870911104,10.942269653320675,TGC
2,157.50717726015776,25.086181519179604,TGC
3,190.59114764605877,25.438018956701956,TGC
4,234.90138135954547,28.455578369312537,TGC
5,277.04723610685204,29.372571071398113,TGC
6,316.9966487495695,32.14218607327021,TGC
7,350.61242658546723,32.62346646599431,TGC
8,387.62598381687224,33.72481219627125,TGC
9,426.3308125671738,34.45215877343625,TGC
10,464.42586989219683,35.40261715199113,TGC
11,510.3937806070522,36.9956110634382,TGC
12,553.1675517136175,38.33325505691171,TGC
13,603.7718568200218,40.340999444507005,TGC
14,646.4972152175208,41.93983788505565,TGC
15,697.9329394528747,44.304753380894894,TGC
16,734.8382127105406,45.38043496919297,TGC
17,776.6738216933156,47.04243829365029,TGC
18,825.6372983254972,49.51822483396228,TGC
19,871.9586247456666,51.27743559810332,TGC
20,919.1925488082328,53.270922102004384,TGC
21,961.1325606368495,54.854078625045055,TGC
22,1004.4373352874886,56.29345021660349,TGC
23,1041.756698718697,57.74510236951935,TGC
24,1080.1011777077492,59.15370453330128,TGC
25,1126.404169919818,61.74941124077343,TGC
26,1162.9841186121432,63.04065089702078,TGC
27,1199.2153089327696,64.58897243018838,TGC
28,1241.3825052824163,66.70798948637996,TGC
29,1284.817330189312,68.4765550141191,TGC
30,1324.658045779344,69.77194605502909,TGC
31,1368.3687926154707,71.60603901258818,TGC
32,1402.7335100814553,72.75747091199985,TGC
33,1459.7363019264828,77.80063884756326,TGC
34,1493.656167661397,78.8327874310559,TGC
35,1538.5885067378458,80.54566150309788,TGC
36,1586.103744123158,82.80525273842768,TGC
37,1621.698539080814,84.50117883752597,TGC
38,1663.6851937601311,85.86630777199632,TGC
39,1736.2574440461367,94.11167224721315,TGC
40,1782.6747193943327,96.50104530225141,TGC
41,1821.5884939045575,97.7340875423819,TGC
42,1867.0475020751599,100.123833693959,TGC
43,1921.477561307697,103.57247614933242,TGC
44,1965.4930249183467,104.73798399823797,TGC
45,2008.6899964119975,106.26121446430604,TGC
46,2085.36030179539,112.96512620903972,TGC
47,2129.6527117349524,115.08418283904524,TGC
48,2172.113294611346,116.55005296945274,TGC
49,2216.9884152330196,118.14822618909234,TGC
50,2276.224292345957,122.3118395834315,TGC
51,2312.165477856584,123.446009010312,TGC
52,2356.4206377223545,125.38795966920357,TGC
53,2398.109700339604,126.86775372021827,TGC
54,2432.3430395321147,128.2178963214178,TGC
55,2469.5979406248834,129.0276896201409,TGC
56,2520.32831583371,130.8621859811009,TGC
57,2559.883672980071,132.07160450498165,TGC
58,2641.9990320839543,144.8780306108195,TGC
59,2707.174954113837,153.64320389449793,TGC
60,2744.5166859389897,155.03705910702493,TGC
61,2773.14989747375,156.12878532468028,TGC
62,2807.284116098566,157.74872985891648,TGC
63,2837.6920538258364,159.07477472273197,TGC
64,2892.395833448206,162.58141690775113,TGC
65,2950.221286852611,169.06491591993353,TGC
66,2991.9213555234373,170.33138046693657,TGC
67,3040.6037016945893,173.7787863863642,TGC
68,3081.903473052344,175.60243997511034,TGC
69,3135.2164605578264,179.62413066509015,TGC
70,3201.5656188759285,184.48997578380707,TGC
71,3285.8845586215916,195.06998793536346,TGC
72,3322.2930337765906,196.25899104231982,TGC
73,3410.025658454367,211.01269586481135,TGC
74,3451.1826539171952,211.94867250771128,TGC
75,3493.845628203921,214.13742907503703,TGC
76,3537.8165012382583,216.2025577572638,TGC
77,3583.4973592614983,218.7810513168489,TGC
78,3618.9099926843314,220.08107211040996,TGC
79,3662.4426298821445,222.36868616322414,TGC
80,3711.2964367309337,224.15596434305726,TGC
81,3756.847303780552,226.12520621284546,TGC
82,3842.6759992943066,234.72978899743725,TGC
83,3884.3187218277267,237.29547532175624,TGC
84,3941.3962199457364,239.89468956188568,TGC
85,4002.738405529493,242.52439499710027,TGC
86,4053.350866127772,245.389332201624,TGC
87,4087.471645711979,246.6782722477233,TGC
88,4132.177613398113,250.19733725156647,TGC
89,4181.580565149182,253.73733146042522,TGC
90,4225.619677549328,256.0423426725001,TGC
91,4266.761348569569,258.02142972787055,TGC
92,4321.079163183136,261.34513392867893,TGC
93,4379.502015773498,269.67285436523275,TGC
94,4419.918701608112,271.2270689615132,TGC
95,4481.329341989364,277.010184051482,TGC
96,4525.787909595036,278.29067862867237,TGC
97,4583.663657908353,280.6132912229767,TGC
98,4630.86375924138,282.62953268285384,TGC
99,4670.128106638719,284.3052809312127,TGC
100,4710.199860082997,285.5333342499871,TGC
101,4751.620686956986,287.5555879275819,TGC
102,4805.663160575054,291.46072104513354,TGC
103,4856.761375499896,292.9723025390327,TGC
104,4903.630829552886,295.2165524515543,TGC
105,4946.973623115096,296.69331808773103,TGC
106,4983.484259132102,297.83797277255866,TGC
107,5028.414051274125,299.5986917889583,TGC
108,5065.5545545054365,300.88401229386074,TGC
109,5119.872052022891,302.83987760195237,TGC
110,5154.91155976726,303.8240758107617,TGC
111,5192.926728992717,305.03832359935546,TGC
112,5228.127724102465,306.43856567710014,TGC
113,5273.632684266866,308.79467714692345,TGC
114,5313.6513372023555,310.73491372062637,TGC
115,5349.425476357874,311.7499715608314,TGC
116,5394.112582940137,313.87416358673744,TGC
117,5446.224108513853,316.4921110209599,TGC
118,5492.118036625013,317.5420111009641,TGC
119,5536.473712819923,319.5758515101026,TGC
120,5575.577522448474,321.3785186325257,TGC
121,5618.28158990545,323.10106497594444,TGC
122,5658.954623874042,324.47345800774025,TGC
123,5693.008601743373,325.4127529645459,TGC
124,5733.939590868429,327.1774940628231,TGC
125,5764.295957587396,328.2747827985073,TGC
126,5803.396501545588,331.4307651568555,TGC
127,5843.230034020151,333.53626223113406,TGC
128,5861.163243474589,333.9466299945953,TGC
129,5873.994570154829,334.087179316784,TGC
130,5886.636232279101,334.2078081261464,TGC
131,5899.377746006606,334.3612860002266,TGC
132,5911.80654487569,334.5142340012028,TGC
133,5924.523655801755,334.6804221182224,TGC
134,5938.266760076388,334.8434248543407,TGC
135,5953.147465323202,335.15897406567206,TGC
136,5966.2844667471045,335.30789699151603,TGC
137,5979.738913197924,335.4493121968225,TGC
138,5993.593716960276,335.6293617066233,TGC
139,6006.576568064723,335.8238727138366,TGC
140,6019.8502682342505,336.07447121333803,TGC
141,6033.413402232713,336.2770760280127,TGC
142,6047.101990673749,336.4838443234779,TGC
143,6060.014735575317,336.63794025260364,TGC
144,6074.074207427212,336.8892905740371,TGC
145,6087.33388268709,337.0483729389038,TGC
146,6100.5477956566165,337.25510114743673,TGC
147,6113.801015702786,337.44798176252067,TGC
148,6126.994511822093,337.629656555014,TGC
149,6141.017552356007,337.8614045212455,TGC
150,6154.133616243944,338.045402364937,TGC
151,6167.640923108874,338.24109760073435,TGC
152,6181.4171398313365,338.44211862033444,TGC
153,6194.840750798102,338.65162463698584,TGC
154,6207.889180022421,338.81032613559,TGC
155,6221.242810984675,338.9791520169147,TGC
156,6235.8508547120755,339.42371265396736,TGC
157,6248.984097088427,339.58565390968073,TGC
158,6264.857249222108,339.84886388882546,TGC
159,6279.217631696256,340.00659399572936,TGC
160,6292.588653493214,340.17104540563105,TGC
161,6305.778863486781,340.34098621573895,TGC
162,6319.972744231907,340.4914982834297,TGC
163,6334.254650943229,340.68436493808633,TGC
164,6347.144408607419,340.8505191612032,TGC
165,6360.905171829606,341.1193830132986,TGC
166,6375.708083404371,341.41850397988986,TGC
167,6388.817211518796,341.6169562131266,TGC
168,6402.05084742496,341.81565830136356,TGC
169,6416.467853352825,342.01248323126407,TGC
170,6429.994836984653,342.2332584049712,TGC
171,6443.63268903484,342.4322668276276,TGC
172,6458.564646327463,342.74426713052827,TGC
173,6471.879602306515,342.93516318249533,TGC
174,6486.13764925969,343.208905511577,TGC
175,6499.156663379299,343.3540332860356,TGC
176,6512.216584083515,343.51936584300665,TGC
177,6524.97773115249,343.67057457379667,TGC
178,6539.929612086807,344.2906683798782,TGC
179,6553.279259991406,344.4540246168227,TGC
180,6568.443709392881,345.05822447374675,TGC
181,6581.972913392497,345.27159790242365,TGC
182,6595.430824734019,345.46613217380525,TGC
183,6609.319180003773,345.77543647829833,TGC
184,6623.035807423077,345.92765351103657,TGC
185,6637.67091030831,346.15975336999014,TGC
186,6651.741664599496,346.3972299820504,TGC
187,6665.384863850206,346.5589266478778,TGC
188,6679.258312959491,346.8106998686217,TGC
189,6725.0273241032055,350.682708609561,TGC
190,6755.517512751004,352.10415655772914,TGC
191,6784.611165740592,353.29305109959427,TGC
192,6796.728083232922,353.36955056022066,TGC
193,6808.278109566699,353.42411667857556,TGC
194,6819.987782987093,353.4874097540606,TGC
195,6831.55664788023,353.55429954773683,TGC
196,6842.9213370094185,353.62736699662145,TGC
197,6854.5574587175715,353.69850903939147,TGC
198,6866.09517392864,353.7815099687809,TGC
199,6878.291896638515,353.88945751954356,TGC
200,6889.655904875041,353.96603500159443,TGC
201,6901.138319822826,354.03346579283425,TGC
202,6913.347607801081,354.0882541040348,TGC
203,6924.887126495557,354.1636845265892,TGC
204,6936.82558819411,354.229614580347,TGC
205,6949.080052366786,354.2900090298275,TGC
206,6960.580618959935,354.3707982680124,TGC
207,6972.57254587317,354.45076644167506,TGC
208,6984.218517036453,354.526128570733,TGC
209,6996.0220330792845,354.60952725256965,TGC
210,7007.756095987899,354.69500440907274,TGC
211,7019.431728132733,354.78129952645986,TGC
212,7031.863945312194,354.8783297336987,TGC
213,7043.9325215785675,354.9660445625986,TGC
214,7055.848087747502,355.04863198673394,TGC
215,7067.6963876992595,355.13129088825247,TGC
216,7079.411859359124,355.2077129315607,TGC
217,7091.647220880601,355.278987045003,TGC
218,7103.404274034448,355.3626698222672,TGC
219,7115.361232772791,355.45344764656676,TGC
220,7127.642530949537,355.5437388173298,TGC
221,7139.291098420235,355.62714495085424,TGC
222,7151.267489445384,355.7146294485059,TGC
223,7163.402499140071,355.792105932661,TGC
224,7175.848140744947,355.87983396457923,TGC
225,7187.630476531424,355.96036970136754,TGC
226,7200.1345852233935,356.068216817009,TGC
227,7212.1340562686355,356.16327635770887,TGC
228,7224.063888692375,356.25429467234164,TGC
229,7235.934497714328,356.33429472757683,TGC
230,7248.120940736092,356.4278411401786,TGC
231,7260.027928747336,356.52173997464587,TGC
232,7272.334514705449,356.6604224563598,TGC
233,7284.874701256163,356.7617377189595,TGC
234,7296.824569727913,356.8492191389752,TGC
235,7309.122393825761,356.9530542026564,TGC
236,7321.34506931606,357.072074440621,TGC
237,7333.617746357769,357.1762727127949,TGC
238,7345.607752761936,357.2659484759451,TGC
239,7358.108066131111,357.36830547726686,TGC
240,7370.393264680376,357.4772701347099,TGC
241,7382.440717531077,357.5922560261515,TGC
242,7394.963167289871,357.7201542506398,TGC
243,7407.055763590177,357.81522530625153,TGC
244,7419.519930604316,357.914268447777,TGC
245,7431.610448408478,358.01836144549816,TGC
246,7443.6059959189215,358.11679069436235,TGC
247,7456.4465583813635,358.2363156220205,TGC
248,7468.409964045508,358.3352936782887,TGC
249,7480.857039447846,358.4475261281669,TGC
250,7493.381404707372,358.58072495271085,TGC
251,7505.721180573265,358.7141101487019,TGC
252,7517.770686842168,358.81475058974075,TGC
253,7548.533259072658,360.5515939098346,TGC
254,7603.942464513884,367.1347918543382,TGC
255,7634.305088450519,368.4165170567699,TGC
256,7649.996406577275,368.5106489440772,TGC
257,7661.518021114348,368.5638643542224,TGC
258,7672.415494461237,368.61230458341174,TGC
259,7683.514434966999,368.66072329304893,TGC
260,7694.809586306965,368.7163213081447,TGC
261,7706.809304003584,368.7579372138385,TGC
262,7718.357107202661,368.80951494208165,TGC
263,7730.041661408703,368.8785173324705,TGC
264,7741.286004446816,368.9301714894711,TGC
265,7753.146035583597,368.97677242442666,TGC
266,7764.480863350023,369.0536872636274,TGC
267,7776.135393821912,369.1124306056532,TGC
268,7787.565127517237,369.17412397418,TGC
269,7798.923319710741,369.23299918217754,TGC
270,7810.694759371924,369.29378590336444,TGC
271,7821.925459829397,369.34976970487344,TGC
272,7833.396364673179,369.4052362519828,TGC
273,7844.853432964067,369.47512245285657,TGC
274,7856.669936326932,369.6199807958358,TGC
275,7867.980912207251,369.6912141154046,TGC
276,7879.180947925586,369.7510564944986,TGC
277,7890.543112264831,369.8131951022127,TGC
278,7902.113844721546,369.8811430598348,TGC
279,7913.513164384795,369.94303401782815,TGC
280,7924.891888447116,370.00282702001977,TGC
281,7936.256424838125,370.06273624160684,TGC
282,7947.985950004772,370.1521226333997,TGC
283,7959.796928187526,370.215099749745,TGC
284,7971.142486862694,370.2794798678951,TGC
285,7982.783906040051,370.3557326349946,TGC
286,7995.1826675338925,370.4779457555282,TGC
287,8006.8147842034805,370.54643993172186,TGC
288,8018.450818971629,370.6343378194585,TGC
289,8030.1735751782,370.704496938336,TGC
290,8042.155969743324,370.7774959777108,TGC
291,8053.966352358658,370.87754184118137,TGC
292,8065.9792760755845,370.96378434522256,TGC
293,8077.721575295495,371.03075878121825,TGC
294,8089.445501254051,371.1094096106364,TGC
295,8101.484034603398,371.20629419943555,TGC
296,8113.6246089983,371.3160561177633,TGC
297,8125.172670218674,371.38401150504626,TGC
298,8137.2573182817505,371.4445946176212,TGC
299,8148.817411636473,371.5117503183928,TGC
300,8160.605691503204,371.5783985883764,TGC
301,8172.383336613392,371.6509940605772,TGC
302,8184.052535990887,371.73602912921865,TGC
303,8195.79563892458,371.8256126754472,TGC
304,8207.762914854826,371.9176393398326,TGC
305,8219.458460324528,371.98972130602715,TGC
306,8231.010850535487,372.05942786847265,TGC
307,8243.046387394317,372.14418408546396,TGC
308,8255.137775850977,372.216918750536,TGC
309,8266.861959266349,372.29091725867954,TGC
310,8278.576252052631,372.3656522882458,TGC
311,8290.075172684097,372.43297970596234,TGC
312,8301.802415614255,372.52209019360913,TGC
313,8313.555112036827,372.61188350996014,TGC
314,8325.670511071625,372.68095534991227,TGC
315,8337.602750296646,372.7676412959202,TGC
316,8349.302577613726,372.8472815288033,TGC
317,8394.735888278103,376.7272024146657,TGC
318,8422.675375560571,378.0685335414581,TGC
319,8460.460561266515,380.2400517008987,TGC
320,8475.427120527605,380.2076993765663,TGC
321,8486.644135164013,380.26179174537657,TGC
322,8498.092424218601,380.3097022229883,TGC
323,8509.11099177559,380.3550300692345,TGC
324,8520.168284102092,380.40562922940484,TGC
325,8531.34303304532,380.4567731744262,TGC
326,8542.503938671933,380.5245166467563,TGC
327,8553.63999456661,380.59067843279865,TGC
328,8565.151091743528,380.64339480863055,TGC
329,8576.242269167795,380.7019399267419,TGC
330,8587.33251786619,380.756712573987,TGC
331,8598.287900257874,380.80751469882046,TGC
332,8609.425960953507,380.85339912249066,TGC
333,8620.84022439616,380.9085388506015,TGC
334,8632.300247805808,380.96159011160046,TGC
335,8643.640060500084,381.0146679546601,TGC
336,8655.36842326434,381.08523645500253,TGC
337,8667.411361586046,381.1370929623227,TGC
338,8678.787830163792,381.18428884236545,TGC
339,8689.81784629304,381.2348602302016,TGC
340,8701.004462074408,381.2989433617235,TGC
341,8712.26774720668,381.3488541401247,TGC
342,8723.530817014718,381.4193701633337,TGC
343,8734.719314395012,381.47589440961383,TGC
344,8746.045456605869,381.5363249557915,TGC
345,8757.366742189248,381.5911125935757,TGC
346,8768.648495510442,381.6554549485851,TGC
347,8779.922742726956,381.7244558887295,TGC
348,8791.305509314298,381.78672167185454,TGC
349,8802.742422407635,381.85091718337185,TGC
350,8813.927080201669,381.9111597053425,TGC
351,8825.061498512896,381.9677517095093,TGC
352,8836.158407575818,382.0209925007941,TGC
353,8847.421606493184,382.07829603369345,TGC
354,8858.691823708745,382.13433523273494,TGC
355,8870.164956559967,382.1949720022528,TGC
356,8881.519404370893,382.26829065661065,TGC
357,8893.164433723987,382.31748503940304,TGC
358,8904.514158210106,382.3735651522002,TGC
359,8915.902886928567,382.4344924337203,TGC
360,8927.196070014123,382.4870404348011,TGC
361,8938.549393862444,382.55437834446207,TGC
362,8949.898847788352,382.62274749039574,TGC
363,8961.652835859868,382.6973589027255,TGC
364,8973.664472339,382.8032707169091,TGC
365,8985.020594167037,382.8586261641145,TGC
366,8996.26101400276,382.91125261779615,TGC
367,9007.704171495696,382.9645568821475,TGC
368,9019.336849861622,383.02549636194584,TGC
369,9031.011034112234,383.1119885251554,TGC
370,9042.591354920667,383.1801976481817,TGC
371,9054.017503780407,383.2466713680847,TGC
372,9065.32131035607,383.3073398900616,TGC
373,9076.865449492969,383.3772335509707,TGC
374,9088.235942701596,383.44138032369716,TGC
375,9099.583381759783,383.505735857008,TGC
376,9111.260998464995,383.56480404257076,TGC
377,9123.020689838198,383.63717199437673,TGC
378,9134.606630475382,383.7064836446234,TGC
379,9146.211151990843,383.77445123098073,TGC
380,9157.837659364333,383.8418648541285,TGC
381,9193.08468675834,385.5929919153341,TGC
382,9225.227967657356,387.3008732552828,TGC
383,9261.802188469414,389.1097478935718,TGC
384,9274.797451885363,389.2722525610349,TGC
385,9285.698071017347,389.3281570977088,TGC
386,9296.657986835608,389.3674703761062,TGC
387,9308.417610563018,389.3931049491226,TGC
388,9319.478033596704,389.4427557461861,TGC
389,9330.506908946607,389.49239244583754,TGC
390,9341.448225575481,389.54287578609944,TGC
391,9352.473314507983,389.58677662189456,TGC
392,9363.395814997397,389.637763223943,TGC
393,9374.7393898017,389.67738136082704,TGC
394,9385.889622013803,389.7223008039154,TGC
395,9397.834481143422,389.8440356538867,TGC
396,9408.957645901095,389.90311542779364,TGC
397,9420.254434434555,389.96677758041955,TGC
398,9431.250195230872,390.0134615755525,TGC
399,9442.59414861188,390.06447597564096,TGC
400,9453.802697012943,390.11928712759317,TGC
401,9464.859022035142,390.1687500088921,TGC
402,9475.61571829294,390.21747144942,TGC
403,9486.788057330246,390.2634717487095,TGC
404,9497.764929691883,390.3177813238554,TGC
405,9509.004843097153,390.36077064458107,TGC
406,9519.99703820609,390.4073318026334,TGC
407,9531.064493769178,390.45790853748167,TGC
408,9542.163296291785,390.5058447326289,TGC
409,9553.484743187,390.55872841265864,TGC
410,9564.583870282437,390.61197164217197,TGC
411,9575.811542301119,390.6681237752282,TGC
412,9587.414936626685,390.7400391097584,TGC
413,9598.823467408236,390.80086828061286,TGC
414,9610.004245474702,390.86911167237633,TGC
415,9621.626340229326,390.92614197210014,TGC
416,9632.779678076366,390.98088530747265,TGC
417,9644.34579102312,391.04268823266415,TGC
418,9655.577774014024,391.0951947498986,TGC
419,9667.306042333312,391.16240726491407,TGC
420,9678.840264576596,391.20438888320956,TGC
421,9690.081127779853,391.2728097970772,TGC
422,9701.241620356486,391.3304689671254,TGC
423,9712.799044051897,391.3894989841178,TGC
424,9724.000009348109,391.4533538870532,TGC
425,9735.611205310239,391.51581159157575,TGC
426,9746.931671107524,391.5681954377647,TGC
427,9758.226179367537,391.62765641743357,TGC
428,9769.56239320012,391.68738310023105,TGC
429,9780.860350793728,391.74160116570926,TGC
430,9792.126491587587,391.80138333250875,TGC
431,9803.620343260161,391.86583320449006,TGC
432,9814.77362079545,391.93180820250933,TGC
433,9826.324391866287,391.9810341508128,TGC
434,9837.589638910833,392.03556695476556,TGC
435,9849.057605686314,392.1108956457958,TGC
436,9860.269987974336,392.1674112145577,TGC
437,9871.892474637896,392.23481998850013,TGC
438,9883.275377974904,392.2985352348676,TGC
439,9894.989070873517,392.35070269319687,TGC
440,9906.154361927012,392.4079625473617,TGC
441,9917.509468787148,392.46046628068757,TGC
442,9928.856349790514,392.51659606206897,TGC
443,9940.223473565415,392.5987315354171,TGC
444,9951.58689987263,392.65181057271013,TGC
445,9980.322608082672,393.72150715722023,TGC
446,10010.451709933546,395.28621864135687,TGC
447,10041.266764981532,396.65255596935907,TGC
448,10054.311885934098,396.6809988141478,TGC
449,10065.21387049226,396.73436858229076,TGC
450,10076.042547739684,396.7768215403367,TGC
451,10086.730673800672,396.82312482526174,TGC
452,10097.848685403034,396.88227815653266,TGC
453,10108.71818959303,396.9322183043467,TGC
454,10119.85167118721,396.9738785013914,TGC
455,10130.652515659709,397.01614323027883,TGC
456,10141.540609669748,397.067000984182,TGC
457,10152.320790522866,397.11535429344696,TGC
458,10163.120038359255,397.1667768713836,TGC
459,10174.265606346338,397.22211959698126,TGC
460,10185.235131098923,397.26927396490873,TGC
461,10196.985591727584,397.3086665548576,TGC
462,10207.920957041544,397.3586355762006,TGC
463,10218.954249329776,397.4059432572775,TGC
464,10230.050630277303,397.4537460477603,TGC
465,10241.46807034832,397.51724230636694,TGC
466,10252.336062666554,397.5703580603917,TGC
467,10263.393078589232,397.6274651104739,TGC
468,10274.383112747544,397.68115131798925,TGC
469,10285.359640649465,397.7292975171139,TGC
470,10296.758272807023,397.7886515619041,TGC
471,10307.79814970315,397.8472940161935,TGC
472,10318.82665016211,397.8979378301341,TGC
473,10329.879602970912,397.94771128588377,TGC
474,10341.142329479646,398.00615486212786,TGC
475,10352.794914743941,398.0533144434443,TGC
476,10364.378729940065,398.1045649588571,TGC
477,10376.187970074616,398.27890915509136,TGC
478,10387.480511576432,398.32934306061884,TGC
479,10398.617829791852,398.38938118443184,TGC
480,10409.925766752083,398.43428969518413,TGC
481,10421.201623492994,398.4910566395155,TGC
482,10432.378949126467,398.54759541039937,TGC
483,10443.712254698383,398.6035110912659,TGC
484,10455.254529612213,398.6669290456577,TGC
485,10466.402546020277,398.71419109384857,TGC
486,10477.49867035264,398.7702985057085,TGC
487,10488.77188012269,398.82671737135985,TGC
488,10500.106624881748,398.8766680333046,TGC
489,10511.42342881144,398.9369312783566,TGC
490,10523.180516603452,398.983457501126,TGC
491,10534.212532397003,399.0378362788575,TGC
492,10545.274445236182,399.0931255433357,TGC
493,10556.480530070738,399.1463722316385,TGC
494,10567.640972558895,399.20814676999123,TGC
495,10579.038507098989,399.2659621428015,TGC
496,10590.755405790747,399.3272699856943,TGC
497,10602.237693558493,399.39032568127203,TGC
498,10613.722933896433,399.4519560230473,TGC
499,10625.258408742597,399.5068271023538,TGC
500,10636.59505736703,399.56324788057236,TGC
501,10648.180566573757,399.6160538216864,TGC
502,10659.539804345963,399.6812253454757,TGC
503,10671.224592619454,399.73587083682895,TGC
504,10682.608015956883,399.80099051320406,TGC
505,10694.164270515008,399.85950944245775,TGC
506,10705.784859496414,399.9212223412511,TGC
507,10717.164448606358,399.9819192099728,TGC
508,10728.504721369996,400.0432031918979,TGC
509,10756.308254786089,401.48079461712166,TGC
510,10792.482801826813,403.6146134653197,TGC
511,10820.77069053046,404.92967572605374,TGC
512,10834.497260077082,405.2416979357761,TGC
513,10845.474518045696,405.3004496609086,TGC
514,10856.219607500952,405.34642570961944,TGC
515,10867.269269640818,405.3902897178732,TGC
516,10878.395605367756,405.43688003853157,TGC
517,10889.036472105192,405.4828349034408,TGC
518,10899.838862974551,405.5285173071577,TGC
519,10910.607545603449,405.57761396251834,TGC
520,10921.601841041273,405.6279427427572,TGC
521,10932.499704885726,405.67541238646436,TGC
522,10943.255096152523,405.7295631708229,TGC
523,10954.24065385782,405.7841072862834,TGC
524,10965.233534080277,405.8411350507993,TGC
525,10977.55061783054,406.3025595694719,TGC
526,10988.559723387,406.35409101683905,TGC
527,10999.512269301764,406.41055158149686,TGC
528,11010.59406501146,406.4624229460258,TGC
529,11021.42011838746,406.51390461904134,TGC
530,11032.453352155913,406.5646933682873,TGC
531,11043.497478087587,406.61480216657776,TGC
532,11055.280903193305,406.6530512786717,TGC
533,11066.469903779407,406.69725027728765,TGC
534,11077.69754265299,406.75294502185926,TGC
535,11088.760384300922,406.8070770904323,TGC
536,11099.931003180045,406.85698660273647,TGC
537,11111.035337871237,406.90940616619287,TGC
538,11122.292421856899,406.99007074486667,TGC
539,11133.364646363116,407.0493115117468,TGC
540,11144.26570181082,407.0968547673707,TGC
541,11155.59579238649,407.1578893113178,TGC
542,11167.108116517466,407.2317297812791,TGC
543,11178.163012548786,407.28834130235094,TGC
544,11189.749408034755,407.32671380150725,TGC
545,11201.35731370621,407.3772062841885,TGC
546,11212.76262740271,407.44022095059756,TGC
547,11223.73114231427,407.49516083439164,TGC
548,11234.955248598973,407.5591459663585,TGC
549,11245.960149439881,407.61630807003155,TGC
550,11257.174517735348,407.6767955138245,TGC
551,11268.367794846796,407.7352980787936,TGC
552,11279.41967804571,407.79025518386317,TGC
553,11290.587095029317,407.8432707479157,TGC
554,11302.273577107171,407.89237166178987,TGC
555,11313.607783069898,407.9468249373042,TGC
556,11324.792208468787,408.0051094161861,TGC
557,11336.180224377995,408.09052860278007,TGC
558,11347.348725945181,408.15134395919046,TGC
559,11358.713664539127,408.20780533655983,TGC
560,11370.145651554509,408.2608285357709,TGC
561,11381.755904005928,408.31572368148846,TGC
562,11393.169021932295,408.3681128592268,TGC
563,11404.514408316843,408.4186041927586,TGC
564,11417.08941407979,408.46276092941866,TGC
565,11428.400027566384,408.51356405597335,TGC
566,11439.65405929174,408.5896365023338,TGC
567,11451.708541569395,408.64543690125544,TGC
568,11463.494756914313,408.7060114083933,TGC
569,11475.090542676155,408.76521559109165,TGC
570,11486.257264413898,408.82897970540444,TGC
571,11497.503711152092,408.8933567330932,TGC
572,11508.728496357731,408.9534640109863,TGC
573,11555.361626039643,413.0550054625551,TGC
574,11583.793311493544,414.4016996005117,TGC
575,11613.019636035107,415.66517648727944,TGC
576,11626.032786630638,415.6731363321763,TGC
577,11636.87853054142,415.7198611935246,TGC
578,11647.530394601183,415.76556262500156,TGC
579,11658.497062390266,415.8190452029791,TGC
580,11669.163209235585,415.8608301615884,TGC
581,11679.801607289111,415.9037592524294,TGC
582,11690.411227103732,415.94965597772807,TGC
583,11701.210105887545,416.0067217930013,TGC
584,11711.84541906772,416.0591165745337,TGC
585,11722.878987584048,416.1078383250932,TGC
586,11733.86419454119,416.1538402671414,TGC
587,11744.705899114664,416.2188377082635,TGC
588,11755.492581784529,416.27711089253773,TGC
589,11766.2140717035,416.33130901686803,TGC
590,11777.175290768279,416.3837386314867,TGC
591,11788.059233586935,416.431876388443,TGC
592,11799.08950808413,416.4779309756821,TGC
593,11809.894958250754,416.5322972223665,TGC
594,11820.88468421036,416.58005658404795,TGC
595,11831.97764186125,416.63954474112234,TGC
596,11842.991313753659,416.6981177420804,TGC
597,11853.98468282694,416.7573637569856,TGC
598,11864.953143463043,416.8055622239537,TGC
599,11876.084411893997,416.84778753538365,TGC
600,11888.07210906592,416.87672958634977,TGC
601,11899.113012217236,416.92957343673106,TGC
602,11910.370992845652,416.9833453696345,TGC
603,11921.492374383764,417.0367589173627,TGC
604,11932.667398995221,417.08575479161084,TGC
605,11943.850406033544,417.1350683229252,TGC
606,11955.214969443965,417.1792423254916,TGC
607,11966.503572465226,417.23447198115923,TGC
608,11977.478844223735,417.28488527180474,TGC
609,11988.48107280258,417.3398803580006,TGC
610,11999.568641972832,417.3977067627877,TGC
611,12010.708961086975,417.45538866450744,TGC
612,12021.770963871637,417.50667989733233,TGC
613,12033.0273051672,417.55607113574666,TGC
614,12044.006545158736,417.6121982933477,TGC
615,12055.605492300327,417.6622083982248,TGC
616,12067.082071943687,417.72021086836105,TGC
617,12078.16079127687,417.77424054791186,TGC
618,12089.23377458114,417.83159130846207,TGC
619,12100.842523756823,417.8919055473509,TGC
620,12112.128733791733,417.94669046399224,TGC
621,12123.223607484742,417.994850603459,TGC
622,12134.376495565126,418.04711861597957,TGC
623,12145.82014794962,418.1035271801799,TGC
624,12157.207212875071,418.1502302172799,TGC
625,12168.762687652055,418.2028757371235,TGC
626,12180.207133117621,418.25425533813655,TGC
627,12191.548705209821,418.3075571614483,TGC
628,12202.779927506062,418.3639765164801,TGC
629,12214.202322698911,418.43529600364525,TGC
630,12225.615806304233,418.5088316692717,TGC
631,12236.832080631557,418.5622133828263,TGC
632,12248.273127941466,418.61823120739217,TGC
633,12259.657510436755,418.68204629148477,TGC
634,12271.750741910231,418.7469692936981,TGC
635,12283.04380999619,418.8044753592162,TGC
636,12294.568721853693,418.8650625034461,TGC
637,12345.360713929273,425.41213255409303,TGC
638,12392.669437769606,430.5727112296413,TGC
639,12422.943369713603,431.7691349572564,TGC
640,12439.638662131669,432.15142228094567,TGC
641,12450.550378500577,432.1911614625824,TGC
642,12461.483675063466,432.23277268238223,TGC
643,12472.301004931824,432.28535328793123,TGC
644,12483.330280639775,432.35868050563704,TGC
645,12494.170869503765,432.40502080843686,TGC
646,12505.05001094007,432.4492018217179,TGC
647,12516.212994074118,432.5063844400481,TGC
648,12528.237613713889,432.7013110361994,TGC
649,12538.853744860013,432.75226497815436,TGC
650,12549.913290562334,432.79365975923236,TGC
651,12560.62182090472,432.84583661197604,TGC
652,12571.65630228253,432.88882376676264,TGC
653,12582.569853299781,432.93529907963006,TGC
654,12593.487745897612,432.99827578646045,TGC
655,12604.302189412789,433.0461366734779,TGC
656,12615.2053761917,433.09737491845806,TGC
657,12626.377031720216,433.15798994752504,TGC
658,12637.330111047406,433.2110825128735,TGC
659,12648.28745838617,433.26847074952764,TGC
660,12659.155512355443,433.3242761385392,TGC
661,12670.683723349704,433.36266131560035,TGC
662,12681.52898634259,433.4131274156341,TGC
663,12692.487054070285,433.4632639361421,TGC
664,12703.423620788531,433.51167017072356,TGC
665,12714.445726683816,433.5643320585465,TGC
666,12725.493848712775,433.61798854617695,TGC
667,12736.77956957687,433.6761565816371,TGC
668,12747.730665521194,433.7277410815057,TGC
669,12758.732112120773,433.77728251432524,TGC
670,12769.74196463706,433.830405176419,TGC
671,12780.695523441602,433.884959765832,TGC
672,12791.629504622575,433.93439962445524,TGC
673,12802.771409512601,433.9965200430901,TGC
674,12814.027647488174,434.0476874596268,TGC
675,12825.329708202953,434.1087309103795,TGC
676,12836.445465695186,434.15990248077037,TGC
677,12847.507176808926,434.2112321907648,TGC
678,12859.92048626596,434.39299534494427,TGC
679,12873.612238174172,434.820557024185,TGC
680,12884.618832538887,434.87595829656124,TGC
681,12895.759011469658,434.92714587880255,TGC
682,12907.4530385641,434.97668958906996,TGC
683,12919.24637699823,435.1415878302027,TGC
684,12930.300755614318,435.19597833487734,TGC
685,12941.57108837336,435.251809852017,TGC
686,12953.12246239271,435.31054035873814,TGC
687,12964.501336057556,435.36376453435946,TGC
688,12975.63168613644,435.4119896121307,TGC
689,12987.337553135883,435.46433092465384,TGC
690,12998.510335694125,435.5206619188647,TGC
691,13009.930555308254,435.5809935285767,TGC
692,13021.199619384965,435.6392801820088,TGC
693,13033.01342399922,435.688645747309,TGC
694,13044.33400508284,435.7387486246582,TGC
695,13056.200818485739,435.797718854148,TGC
696,13067.426647659084,435.8582772240986,TGC
697,13078.918890356234,435.9157322658649,TGC
698,13090.362231280202,435.9811628139453,TGC
699,13101.62035617063,436.0449249270881,TGC
700,13112.846551600955,436.1120428405449,TGC
701,13156.356221178756,439.34459924004597,TGC
702,13191.910882715398,441.1085455312895,TGC
703,13235.111473223862,443.3749795505909,TGC
704,13246.528077778372,443.4168090170333,TGC
705,13257.45643629822,443.4565116583375,TGC
706,13268.277509888077,443.50081630560715,TGC
707,13278.922881841912,443.54932801896894,TGC
708,13289.809989788031,443.5973820724935,TGC
709,13300.470234381532,443.6489423866442,TGC
710,13311.379814310607,443.6961226466084,TGC
711,13322.135168879387,443.7469956312302,TGC
712,13332.99477370227,443.79945820178705,TGC
713,13344.002346628049,443.85228261165645,TGC
714,13354.892451890062,443.9191705875353,TGC
715,13365.696221922528,443.9715896841793,TGC
716,13377.343206835845,444.09190526226615,TGC
717,13388.28825588948,444.1465601882,TGC
718,13399.364248056701,444.2031596634227,TGC
719,13410.278138174848,444.2608930062377,TGC
720,13420.9676729577,444.31241072973205,TGC
721,13432.044493290381,444.3737669942114,TGC
722,13443.1201008281,444.4316938926627,TGC
723,13454.091004164502,444.478874711011,TGC
724,13465.058747886962,444.53203844507357,TGC
725,13475.969847618342,444.58994926852466,TGC
726,13486.88431157268,444.6392928690513,TGC
727,13497.968450794815,444.6931180722064,TGC
728,13508.83936813241,444.7453394564542,TGC
729,13519.840908982402,444.7985978655726,TGC
730,13530.759107983915,444.85708536868924,TGC
731,13542.190880696062,444.90960387523813,TGC
732,13553.326666003642,444.9726921158326,TGC
733,13564.351224262726,445.0267172019262,TGC
734,13575.418887596044,445.0735217609321,TGC
735,13586.582616978418,445.120144089296,TGC
736,13598.197594586163,445.1685292321678,TGC
737,13609.222658132743,445.23042911116767,TGC
738,13620.236894319267,445.2849890143764,TGC
739,13631.326729892728,445.3463478060489,TGC
740,13642.332475204692,445.408005352002,TGC
741,13653.430706921688,445.46471828097424,TGC
742,13664.539026627315,445.5166083224118,TGC
743,13676.029341150796,445.57360563514675,TGC
744,13687.117472985614,445.6304241831453,TGC
745,13699.086144318151,445.6882360108587,TGC
746,13710.31438973909,445.74291654666735,TGC
747,13721.711199176045,445.7984147386156,TGC
748,13732.873446931404,445.8540923108932,TGC
749,13744.072182249893,445.9079264310743,TGC
750,13755.741496241502,445.9713834439298,TGC
751,13766.829065894719,446.0270815975815,TGC
752,13777.987443108817,446.0962594579932,TGC
753,13789.148664962782,446.1634545503827,TGC
754,13800.686143388746,446.22275761499816,TGC
755,13812.295213997924,446.3009680234089,TGC
756,13823.69624973775,446.36405558626336,TGC
757,13834.84012808882,446.42427495811273,TGC
758,13846.10443563376,446.4816944444023,TGC
759,13857.376453493349,446.5403683743321,TGC
760,13868.846775361497,446.5958500879373,TGC
761,13880.231620107403,446.6574470410422,TGC
762,13891.644758842742,446.71477348739035,TGC
763,13902.901583330735,446.7831500445168,TGC
764,13914.331375645212,446.84844754862905,TGC
765,13952.929513757817,449.04997392353454,TGC
766,13982.361315318398,450.47446403564646,TGC
767,14012.053733470028,451.6720176396947,TGC
768,14024.992096330274,451.7414664968193,TGC
769,14035.783427124217,451.78877472551954,TGC
770,14046.384962090322,451.83786758201705,TGC
771,14056.856740889134,451.89131617253065,TGC
772,14067.365146505634,451.9438124603469,TGC
773,14078.494256147747,451.9925809728143,TGC
774,14089.823371825527,452.04286862855645,TGC
775,14100.48476878703,452.0974378673091,TGC
776,14111.218170012748,452.1483596180382,TGC
777,14121.884505166176,452.1964166609856,TGC
778,14132.510176866535,452.2445626636071,TGC
779,14143.067459393294,452.2956165004847,TGC
780,14153.767274681184,452.3493122274985,TGC
781,14164.527256180649,452.40494262690925,TGC
782,14175.333047425253,452.45877301616275,TGC
783,14186.361480737683,452.5036232285032,TGC
784,14197.63386078499,452.6252464367645,TGC
785,14208.654471514545,452.6822750336024,TGC
786,14219.624723937559,452.7483134419945,TGC
787,14230.715853865167,452.8003933941742,TGC
788,14241.579215328835,452.8539617621649,TGC
789,14252.559746408519,452.9029622302393,TGC
790,14263.590027408462,452.9477838231555,TGC
791,14274.537899562134,453.00071793175596,TGC
792,14285.386497280688,453.05690922125035,TGC
793,14297.19690216252,453.16487824625796,TGC
794,14308.127041629366,453.2224467026428,TGC
795,14319.095740093042,453.28424288260345,TGC
796,14330.109426252433,453.33808706709783,TGC
797,14341.258605510584,453.38151440034096,TGC
798,14352.472562019293,453.43603178750345,TGC
799,14364.189936244753,453.4780326682213,TGC
800,14375.24542204063,453.5303381489352,TGC
801,14386.31508444263,453.59016640279987,TGC
802,14397.384596455317,453.64786447201277,TGC
803,14408.407420212889,453.70304469193974,TGC
804,14419.912320133057,453.7786690652458,TGC
805,14431.042275945212,453.8411693856654,TGC
806,14442.073887438864,453.89320117027285,TGC
807,14453.264831767774,453.9513700157648,TGC
808,14464.34354814006,454.0043281203569,TGC
809,14475.438189279796,454.0614632578977,TGC
810,14486.626111549396,454.1062362814133,TGC
811,14497.680291849741,454.1643499977305,TGC
812,14508.85639012228,454.23384255966585,TGC
813,14519.999100778183,454.28555055945,TGC
814,14531.202950168306,454.3426547067669,TGC
815,14542.283261976267,454.4003819273931,TGC
816,14553.444890095594,454.45750329829895,TGC
817,14564.952401092449,454.50959253721624,TGC
818,14576.483179283026,454.5683568442559,TGC
819,14587.983008109957,454.6145970902745,TGC
820,14599.199925087423,454.6751266020581,TGC
821,14610.560553607145,454.74905981790585,TGC
822,14622.008269328386,454.8056159730841,TGC
823,14633.196385104367,454.85864426043696,TGC
824,14644.88033725433,454.91178454028267,TGC
825,14656.39363449442,454.9755562736998,TGC
826,14667.653956373746,455.0352018390407,TGC
827,14679.011283264124,455.09822010563704,TGC
828,14690.431969187552,455.16420355117333,TGC
829,14718.834931611376,456.3513594540175,TGC
830,14744.526488886955,457.49693955677674,TGC
831,14776.775323269138,458.92535519246894,TGC
832,14789.668107506912,459.0222251967939,TGC
833,14800.445606587928,459.0688186243801,TGC
834,14811.115010059268,459.12564116550624,TGC
835,14821.652342824907,459.1842275373321,TGC
836,14832.307529750606,459.2346710980696,TGC
837,14842.974151748847,459.28076164273654,TGC
838,14853.846051496554,459.32961524402356,TGC
839,14864.526123008076,459.37965408521126,TGC
840,14875.661982144644,459.4195493337412,TGC
841,14886.221833538802,459.4733627741698,TGC
842,14896.888277834654,459.52852249248485,TGC
843,14907.609260279783,459.58072342775984,TGC
844,14918.744311968227,459.6237445138993,TGC
845,14929.633989186688,459.67371605093695,TGC
846,14940.504027214825,459.7253644276989,TGC
847,14951.243073918393,459.7783552152785,TGC
848,14962.529745616832,459.9063741896207,TGC
849,14973.518206069626,459.96301748832764,TGC
850,14984.467301356237,460.012441818707,TGC
851,14995.200240994209,460.0690922745131,TGC
852,15006.187619198437,460.12238219904714,TGC
853,15017.101730054208,460.1785252601442,TGC
854,15028.063001214596,460.2276950616791,TGC
855,15038.923540600277,460.28054524059286,TGC
856,15049.862397828605,460.3319599316737,TGC
857,15060.925051860362,460.3851282146406,TGC
858,15072.126111784357,460.43416612076715,TGC
859,15083.410697506832,460.4824789974521,TGC
860,15094.59909500507,460.54557561905125,TGC
861,15105.548419926648,460.6006132052869,TGC
862,15116.552686113513,460.6585704816796,TGC
863,15127.591174183042,460.71425752023873,TGC
864,15138.628900390153,460.7732282983565,TGC
865,15149.620670720868,460.83228647621587,TGC
866,15161.291828984442,460.8865307656376,TGC
867,15172.360011056311,460.940037746078,TGC
868,15183.652111125857,460.9889104935314,TGC
869,15194.589101438087,461.04727938195634,TGC
870,15205.724546247026,461.10061434486664,TGC
871,15216.733234582727,461.15572174708495,TGC
872,15227.84456005784,461.2127173241403,TGC
873,15238.912351992485,461.27501225573775,TGC
874,15249.99919120713,461.336914246927,TGC
875,15261.757144412983,461.3795449078324,TGC
876,15273.035752855312,461.4255557940796,TGC
877,15284.388125531977,461.4762955277004,TGC
878,15295.487259484073,461.53371261054644,TGC
879,15306.853277424654,461.5861394484835,TGC
880,15317.939975265932,461.6453670956277,TGC
881,15329.688137248268,461.68860908615727,TGC
882,15340.880283027147,461.7407802834821,TGC
883,15352.00429823636,461.7951465348798,TGC
884,15365.18390216321,461.85035799296526,TGC
885,15376.262230744314,461.90514903612774,TGC
886,15387.379497737134,461.9647709988561,TGC
887,15398.605123080522,462.02252684946035,TGC
888,15409.736459700569,462.0785476160069,TGC
889,15421.027304626858,462.1381814275031,TGC
890,15432.451653897262,462.19193398234904,TGC
891,15443.537531879658,462.25174388332044,TGC
892,15454.688242017093,462.3090341446186,TGC
893,15491.195753543816,464.95341447203776,TGC
894,15520.99198812875,466.0283981511294,TGC
895,15556.058733357315,467.6698201643625,TGC
896,15570.180017079778,467.74113366141825,TGC
897,15580.622487895162,467.79462153399305,TGC
898,15591.283299078845,467.8452959489224,TGC
899,15602.11656107668,467.9160922073623,TGC
900,15612.816049202564,467.96693666362484,TGC
901,15623.48136372378,468.0156386814764,TGC
902,15634.190866581477,468.06693074100673,TGC
903,15644.685488583578,468.11855983059445,TGC
904,15655.41416463945,468.1711060408995,TGC
905,15666.180512518366,468.2365708699312,TGC
906,15677.533401468438,468.28675211380107,TGC
907,15688.23308407471,468.3392929852981,TGC
908,15698.975177919807,468.39738280755927,TGC
909,15709.766033128386,468.45159404178105,TGC
910,15720.822424473556,468.5080018729061,TGC
911,15731.902450913034,468.563581535105,TGC
912,15743.008754587023,468.6079574250984,TGC
913,15753.895371754183,468.66502746477676,TGC
914,15765.111958358457,468.72220665074997,TGC
915,15775.894103760644,468.77633065380144,TGC
916,15786.686678343176,468.83127366725665,TGC
917,15797.622135472571,468.893492706429,TGC
918,15808.644004971115,468.95513323988973,TGC
919,15819.683233575017,469.0122229976265,TGC
920,15830.611542895052,469.0706370323745,TGC
921,15841.527648398576,469.1281427354767,TGC
922,15852.810023069449,469.18054149203675,TGC
923,15864.068596076784,469.2581562282688,TGC
924,15875.075845537292,469.3108867109572,TGC
925,15885.974135972578,469.360538779519,TGC
926,15896.886910038047,469.41796584226284,TGC
927,15907.873545917546,469.47729392135903,TGC
928,15918.948027288294,469.5346657736453,TGC
929,15929.75392927042,469.5912815635202,TGC
930,15940.722725204585,469.64466751974976,TGC
931,15951.766914167156,469.6979490406712,TGC
932,15963.259210404605,469.7470876673341,TGC
933,15974.632952912094,469.8015387664301,TGC
934,15985.659295310199,469.8607756085914,TGC
935,15996.541633968478,469.9157905780728,TGC
936,16007.918444206729,469.9728670467992,TGC
937,16018.844260031576,470.0386693363018,TGC
938,16029.816656513787,470.09282448990626,TGC
939,16040.908247278756,470.1586349361789,TGC
940,16052.040493551876,470.2205026323473,TGC
941,16063.51936083499,470.26636838276124,TGC
942,16075.180894183684,470.3207514376384,TGC
943,16086.937631058074,470.3744475356304,TGC
944,16098.321226529804,470.42892883583926,TGC
945,16109.461620242075,470.48688089939947,TGC
946,16120.587877860056,470.54688043312916,TGC
947,16132.029885876065,470.61762997609554,TGC
948,16144.429405861101,470.74510289231114,TGC
949,16155.668155439207,470.80047015556625,TGC
950,16166.84616147174,470.8589985400511,TGC
951,16178.02097915095,470.92281405832284,TGC
952,16189.388692507406,470.98123040295485,TGC
953,16200.755820973973,471.0456315866933,TGC
954,16211.972610238254,471.11252583080625,TGC
955,16224.107987610532,471.15417187098905,TGC
956,16235.347983441206,471.2102950150057,TGC
957,16269.977624252888,473.1977578524222,TGC
958,16307.392355283113,475.53119552329133,TGC
959,16335.18455635577,476.6085321511555,TGC
960,16350.019662964112,476.893300574899,TGC
961,16360.714601860955,476.94600365805707,TGC
962,16371.28381923296,476.9925873868362,TGC
963,16382.008831437273,477.0484848584781,TGC
964,16392.600738743815,477.1000527212737,TGC
965,16403.1941862151,477.1514023802931,TGC
966,16413.93524425476,477.2026541607417,TGC
967,16424.628555335064,477.2555259814442,TGC
968,16435.456713054882,477.30584242057625,TGC
969,16446.136753098566,477.3604367171427,TGC
970,16456.848784206424,477.420956694256,TGC
971,16467.57725872945,477.4722544452231,TGC
972,16478.893008148927,477.5836656466606,TGC
973,16489.585426190966,477.63752593315945,TGC
974,16500.869984415913,477.6814978647039,TGC
975,16511.74205741278,477.74122540921576,TGC
976,16522.75068375333,477.7972174278971,TGC
977,16533.515093960417,477.847813114091,TGC
978,16544.39335952867,477.9041943807211,TGC
979,16555.19165936269,477.9558662528729,TGC
980,16566.013207330645,478.01893013019725,TGC
981,16576.78429726388,478.07652606425006,TGC
982,16587.675693160567,478.1296304965612,TGC
983,16598.625883635123,478.1819658740764,TGC
984,16609.384561399063,478.2376584723767,TGC
985,16622.170585152795,478.4784714953769,TGC
986,16633.127776080244,478.54170362482324,TGC
987,16644.299950031025,478.5984315498811,TGC
988,16656.041300225635,478.66494867915674,TGC
989,16667.060929488125,478.717780135716,TGC
990,16677.87460919547,478.77470289271366,TGC
991,16688.686405760054,478.83076186918163,TGC
992,16699.618338293887,478.88804623763366,TGC
993,16710.721701114235,478.9462051370823,TGC
994,16721.62961222845,479.0027644466682,TGC
995,16732.645853212638,479.0634022545001,TGC
996,16743.570530727884,479.1243463880883,TGC
997,16754.66332604402,479.1936543642796,TGC
998,16766.953287492775,479.39629129521614,TGC
999,16778.04664457718,479.45611432756914,TGC
0,109.22601386686469,18.203655992884723,Ansor
1,208.49064776270768,20.17253573529243,Ansor
2,294.40393343718773,21.51167500985681,Ansor
3,383.66986640458435,25.00240110497804,Ansor
4,516.5151857824699,43.114966658699565,Ansor
5,632.133641658966,47.171175753157335,Ansor
6,751.4363867251873,50.773296184281854,Ansor
7,852.1486414813684,53.04075917841006,Ansor
8,976.9251125518987,56.886537934642284,Ansor
9,1122.2194930830367,67.08504139589168,Ansor
10,1224.1358722296452,68.33321611406636,Ansor
11,1330.3355331219236,70.13672215901987,Ansor
12,1435.2112948817676,72.44706013838262,Ansor
13,1604.898163256988,91.28429945517685,Ansor
14,1738.8979462331586,96.45351271506173,Ansor
15,1834.1706498046954,97.06581800487393,Ansor
16,1938.3712443645354,100.63752016802516,Ansor
17,2038.6620075975386,101.91380918261943,Ansor
18,2163.1940244398597,103.91304424040946,Ansor
19,2280.4241356433845,106.13777114551706,Ansor
20,2408.654556515181,110.38781606114217,Ansor
21,2498.003547013793,110.98979615169277,Ansor
22,2654.2502509707015,120.90148325067028,Ansor
23,2752.89948064722,122.02084225101004,Ansor
24,2856.83607725487,123.24017528271294,Ansor
25,2942.910365453818,125.40535146123236,Ansor
26,3076.12030455815,128.0519569274333,Ansor
27,3187.030871383233,129.91963394915632,Ansor
28,3295.9588962449943,131.30656279467635,Ansor
29,3410.4375000123537,133.8354721879093,Ansor
30,3542.5418243419604,137.99634594067498,Ansor
31,3682.9781896254267,143.4885365143823,Ansor
32,3815.115208173769,146.06507258994986,Ansor
33,3914.0272106319253,146.68329829809923,Ansor
34,3994.3741161331254,147.9455301698059,Ansor
35,4081.9199943374233,149.10188885263514,Ansor
36,4178.185100378601,150.51900026183176,Ansor
37,4274.072322375389,152.90503494714557,Ansor
38,4364.663499772356,154.36886390891894,Ansor
39,4514.1681186884625,161.50201223958192,Ansor
40,4651.231644005048,172.15436361165408,Ansor
41,4756.925331473843,172.82646622082186,Ansor
42,4858.616503257682,174.33697791673634,Ansor
43,4987.481174599748,177.94525777319407,Ansor
44,5109.520042713318,179.40266972874545,Ansor
45,5235.93526474315,181.54537725747218,Ansor
46,5365.202780651089,184.55967603541924,Ansor
47,5467.412919670953,185.6548919431831,Ansor
48,5616.764915819816,189.5272581283518,Ansor
49,5748.760147239357,194.8628448459491,Ansor
50,5872.081536568457,196.44461850994884,Ansor
51,5955.739017593661,196.85357303627654,Ansor
52,6090.774387667385,202.72310677500104,Ansor
53,6185.175680250601,204.28511183896796,Ansor
54,6304.230423171004,207.97887908979985,Ansor
55,6426.093074234678,210.87939517749962,Ansor
56,6523.834385808786,212.83081496015384,Ansor
57,6621.449268272947,216.24163835805447,Ansor
58,6724.711078069231,217.9513845554073,Ansor
59,6824.647740516993,218.80163075393844,Ansor
60,6943.795329030823,220.18568513417253,Ansor
61,7057.702699656834,221.77876236668413,Ansor
62,7157.6467894208545,225.51117339904957,Ansor
63,7262.380740156457,226.70418495920805,Ansor
64,7337.053361663182,228.13480505817986,Ansor
65,7431.543372756805,229.45943756261565,Ansor
66,7543.995287334132,231.79806310992467,Ansor
67,7648.742011671744,233.8516370892201,Ansor
68,7752.270878726621,234.6064954502253,Ansor
69,7836.2836113701005,235.7651206113989,Ansor
70,7951.009778939834,239.0040360029167,Ansor
71,8075.3707134609285,241.75833480661507,Ansor
72,8201.673024577294,244.8835964639574,Ansor
73,8334.943299025508,247.81664441027246,Ansor
74,8420.924944366463,248.69098268795534,Ansor
75,8548.814189354009,250.67394237943955,Ansor
76,8753.831161519407,268.29795783129856,Ansor
77,8873.68184615575,270.6427971140036,Ansor
78,9051.400806255902,284.20086716917865,Ansor
79,9167.690083395448,287.83402968279853,Ansor
80,9266.150735463581,289.11397823840184,Ansor
81,9461.855987035293,306.75174590046,Ansor
82,9573.574469105233,307.81925503760124,Ansor
83,9673.101134821887,308.77617391227125,Ansor
84,9790.60628445798,309.0455060841456,Ansor
85,9940.572585368851,315.5002736840885,Ansor
86,10052.340777385258,317.48708177040737,Ansor
87,10150.378327092923,318.26725366994623,Ansor
88,10256.461996953372,322.10061298080393,Ansor
89,10391.678453476576,326.97756741026535,Ansor
90,10524.954076553955,329.40716034429624,Ansor
91,10670.660579188216,330.5143431499618,Ansor
92,10760.168835999151,331.5940131002814,Ansor
93,10881.587046789855,332.60683912431193,Ansor
94,10970.880300021792,333.51881572261175,Ansor
95,11091.624325346482,336.0796944721043,Ansor
96,11182.035828323125,338.5762827681038,Ansor
97,11267.080324941084,339.5265655392217,Ansor
98,11360.348363803061,340.78042954200174,Ansor
99,11490.638726341029,344.7262744144454,Ansor
100,11622.673329949721,349.6813366423737,Ansor
101,11726.865897298881,352.9857973124832,Ansor
102,11827.53135239905,354.2105296990898,Ansor
103,11966.380740187791,358.12913259537015,Ansor
104,12095.5209450425,366.16778028137486,Ansor
105,12185.903085271835,367.50536351396244,Ansor
106,12269.812358784338,368.8853229678536,Ansor
107,12361.794396272053,369.97073699113764,Ansor
108,12456.607113035328,371.4353468579378,Ansor
109,12570.808008507413,372.9360113593209,Ansor
110,12682.446871799311,374.90079486680463,Ansor
111,12816.452327032384,379.81331783919467,Ansor
112,12935.068272573762,381.38649929313675,Ansor
113,13051.529349939477,386.282487876803,Ansor
114,13198.529872822388,389.5067104532185,Ansor
115,13298.884744825413,390.7113398280751,Ansor
116,13410.056234963284,393.28619194429496,Ansor
117,13551.393403390337,396.7278836395259,Ansor
118,13685.198210690076,401.9542924580511,Ansor
119,13796.463233558603,403.3503529547447,Ansor
120,13916.599022516733,404.3311413883106,Ansor
121,14000.236162242187,405.85154627030977,Ansor
122,14098.410755892208,406.508621838073,Ansor
123,14220.647551025342,408.43273919058305,Ansor
124,14321.55479701718,410.20255754324637,Ansor
125,14425.117619915758,411.9769188883415,Ansor
126,14545.669891785792,415.42097674675233,Ansor
127,14625.484555566152,416.9736299055664,Ansor
128,14647.525657495167,417.0388894300338,Ansor
129,14666.998976371555,417.05707561636,Ansor
130,14693.473384957442,417.19148279375554,Ansor
131,14716.729665011047,417.33804921043156,Ansor
132,14734.758392687607,417.3858537052735,Ansor
133,14771.244735260312,417.730628040061,Ansor
134,14791.850137187654,417.78880476680615,Ansor
135,14809.922150025252,417.87984883035836,Ansor
136,14831.193580503194,417.88935249634125,Ansor
137,14853.071538257114,417.9582214726003,Ansor
138,14874.157745711522,417.89366845764414,Ansor
139,14898.625083906081,417.79047518793556,Ansor
140,14918.072141927272,417.93669582996677,Ansor
141,14941.707558382639,417.9344209543171,Ansor
142,14961.887753388404,417.91761348336996,Ansor
143,14983.78835106113,417.91064313108194,Ansor
144,15006.117542238393,418.09700030451376,Ansor
145,15023.781716283442,418.1516860619055,Ansor
146,15043.80784871149,418.1345522920099,Ansor
147,15065.234986102716,418.2124684481049,Ansor
148,15086.21944380894,418.2489679057626,Ansor
149,15112.675770112823,418.3639794583287,Ansor
150,15133.715011749651,418.396664376505,Ansor
151,15159.229077673714,418.42730404827074,Ansor
152,15178.848364456582,418.5191783483683,Ansor
153,15200.36794757188,418.59082718026946,Ansor
154,15220.700415594314,418.6430616489817,Ansor
155,15244.526330566314,418.69282665052424,Ansor
156,15268.479537514435,418.82451005560523,Ansor
157,15287.914964931353,418.93590490683385,Ansor
158,15309.455726041162,419.0284624746256,Ansor
159,15330.56447460414,419.12799224069056,Ansor
160,15353.777123018657,419.3829101956563,Ansor
161,15375.833076959716,419.5243491697753,Ansor
162,15395.962545194585,419.61926303066025,Ansor
163,15417.627622329775,419.67215991787157,Ansor
164,15438.69922020771,419.7835744362209,Ansor
165,15460.146551808019,419.90564098973624,Ansor
166,15486.665294594115,419.84656114545965,Ansor
167,15516.750251864276,419.8711680677319,Ansor
168,15535.345562977445,419.96960373900555,Ansor
169,15556.984834355126,420.14647632378444,Ansor
170,15578.04482658172,420.1975352158173,Ansor
171,15599.84843946486,420.36113015516446,Ansor
172,15622.241780454498,420.4718072261461,Ansor
173,15640.814780443545,420.53776999129593,Ansor
174,15663.055054546796,420.54833788474457,Ansor
175,15688.545725589327,420.8471325718761,Ansor
176,15711.14817304995,421.0148500773422,Ansor
177,15731.206362236806,421.13155960537944,Ansor
178,15750.163850587114,421.18776141251413,Ansor
179,15770.701160358698,421.33025159635224,Ansor
180,15792.583460212683,421.49387950630575,Ansor
181,15812.606986254234,421.68163987218935,Ansor
182,15834.06035956904,421.7989285480577,Ansor
183,15865.37097346804,422.27656029255456,Ansor
184,15888.746378092721,422.6101920798414,Ansor
185,15910.621811708585,422.75618021248187,Ansor
186,15933.62554767088,422.8505991533735,Ansor
187,15952.964555380579,423.0219020786913,Ansor
188,15974.692856519932,423.2281030273746,Ansor
189,16093.166541183633,427.53933286455384,Ansor
190,16211.73141376039,432.0841411349706,Ansor
191,16308.213408453377,435.1975026277898,Ansor
192,16329.185771375332,435.2901634007825,Ansor
193,16353.967986336062,435.66652800585837,Ansor
194,16369.857831836149,435.7185776088952,Ansor
195,16386.260729254936,435.79667170864667,Ansor
196,16401.05554325566,435.8914219881498,Ansor
197,16420.34765484177,435.9759199400987,Ansor
198,16444.91105301832,436.4081324193032,Ansor
199,16462.202276633587,436.5446080033263,Ansor
200,16480.498030884977,436.80849167705054,Ansor
201,16498.64420484895,437.03417165613007,Ansor
202,16515.915817056342,437.21521892876086,Ansor
203,16536.340631284016,437.2679450651612,Ansor
204,16552.872929617413,437.33875360337817,Ansor
205,16571.547407723163,437.48681069805997,Ansor
206,16589.33616231893,437.58521219450193,Ansor
207,16606.111214301993,437.6883667425562,Ansor
208,16622.71566749816,437.8087737811735,Ansor
209,16640.25354219904,437.9799103647975,Ansor
210,16658.57600117017,438.05630572653274,Ansor
211,16677.736231901534,438.1992435387071,Ansor
212,16697.141018875976,438.2543015070263,Ansor
213,16719.34240671416,438.8151924582571,Ansor
214,16736.941855630044,439.06561251161946,Ansor
215,16755.409831989695,439.20645231097353,Ansor
216,16775.082900964167,439.2871476525643,Ansor
217,16795.283429142895,439.4181316965496,Ansor
218,16814.86002718564,439.5295023504502,Ansor
219,16834.740737325683,439.7151169892739,Ansor
220,16851.810809030572,439.80359696467303,Ansor
221,16873.053818273238,440.115478282397,Ansor
222,16889.49840133182,440.25134372519096,Ansor
223,16907.27932392171,440.46931468481216,Ansor
224,16922.959402822446,440.5931161223159,Ansor
225,16940.708167764344,440.7181181322584,Ansor
226,16956.743705102806,440.84689901829637,Ansor
227,16972.7426165005,440.9691550506446,Ansor
228,17002.053149312167,442.3084536357067,Ansor
229,17022.27302024274,442.61319029953734,Ansor
230,17043.605507561137,442.79413038208617,Ansor
231,17061.72454853026,442.9984610175378,Ansor
232,17084.73171484981,443.14530935867475,Ansor
233,17110.049248064555,444.1693638305668,Ansor
234,17130.89596288735,444.46495518024005,Ansor
235,17147.33795019657,444.580844259098,Ansor
236,17167.226542082048,444.80392566588966,Ansor
237,17184.641715778554,444.9774505466367,Ansor
238,17200.212484157913,445.11133055185735,Ansor
239,17219.665811229534,445.30822600558446,Ansor
240,17237.33887522572,445.5475754789405,Ansor
241,17255.552667738273,445.7415249820212,Ansor
242,17275.58970322214,446.1053049852649,Ansor
243,17298.503595180333,446.4370046154611,Ansor
244,17323.53200200339,447.1058562727459,Ansor
245,17340.935356568778,447.2421615718,Ansor
246,17362.687871118193,447.68522715612676,Ansor
247,17379.91600341065,447.8232635674762,Ansor
248,17412.230782012786,448.5002130560236,Ansor
249,17430.25941760233,448.7745861201243,Ansor
250,17453.13976675705,449.13924596987516,Ansor
251,17469.43348780123,449.2920489658113,Ansor
252,17487.921395304278,449.6320484465863,Ansor
253,17605.920084093686,452.74386425237384,Ansor
254,17732.418338956875,455.88539498040245,Ansor
255,17810.72433363121,457.28425913296843,Ansor
256,17830.842632467742,457.7680527703392,Ansor
257,17847.84536256088,458.13772996686646,Ansor
258,17864.730893549484,458.51063036520867,Ansor
259,17880.435319261043,458.7980933942093,Ansor
260,17895.12653038204,458.999750883045,Ansor
261,17915.330641131135,459.65435011381044,Ansor
262,17935.76724807452,459.90495889301957,Ansor
263,17951.25856894865,460.1017232932979,Ansor
264,17967.80577755154,460.3278749667672,Ansor
265,17981.480144542562,460.4453599637437,Ansor
266,18001.176614624146,460.7720815074945,Ansor
267,18016.653604067327,460.9459283979966,Ansor
268,18039.16449046815,461.9272643586456,Ansor
269,18064.06367774577,463.1478947415732,Ansor
270,18079.133730906262,463.3659669249201,Ansor
271,18096.959162969695,463.89562469536827,Ansor
272,18112.97589182376,464.1374751154392,Ansor
273,18132.36220652308,464.598693601956,Ansor
274,18157.385899036253,465.63921392711603,Ansor
275,18173.050717427774,465.9082189542006,Ansor
276,18188.972327305517,466.10660173380927,Ansor
277,18204.57215113302,466.30753772947844,Ansor
278,18221.523992813945,466.5961972012631,Ansor
279,18244.123073905037,467.21337586342264,Ansor
280,18262.208177231732,467.60522146421397,Ansor
281,18277.67569688727,467.8896101574166,Ansor
282,18292.05538485597,468.0273745597689,Ansor
283,18310.613682667434,468.4852889464131,Ansor
284,18327.324690132536,468.76275746156,Ansor
285,18351.37126447448,470.09141115143177,Ansor
286,18365.048442691397,470.2532697734356,Ansor
287,18398.475604888336,472.3602956754375,Ansor
288,18412.760107806334,472.49028543971656,Ansor
289,18428.199055447163,472.7073225635711,Ansor
290,18442.635933787195,472.87465604345215,Ansor
291,18458.847348825122,473.15605889502257,Ansor
292,18475.370853781977,473.38359682670904,Ansor
293,18491.58522982308,473.6008414564021,Ansor
294,18507.63839180065,473.82552555362224,Ansor
295,18525.812654971603,474.34581131555404,Ansor
296,18548.501768799862,475.49683632173685,Ansor
297,18564.07389967281,475.7068941814341,Ansor
298,18578.641678725064,475.8699398374425,Ansor
299,18595.990111212577,476.1314700992335,Ansor
300,18613.642614145276,476.4155118750846,Ansor
301,18629.603845062073,476.7140147820415,Ansor
302,18646.551486767345,477.0203192661741,Ansor
303,18663.882314703387,477.4062544328809,Ansor
304,18680.672096291095,477.64812875592014,Ansor
305,18697.06944886225,477.961152603959,Ansor
306,18712.390422327524,478.16263257267,Ansor
307,18727.60328272665,478.34938599204196,Ansor
308,18744.23997127794,478.8043169704756,Ansor
309,18764.432943900796,479.2333258054661,Ansor
310,18780.835982057448,479.47090985291106,Ansor
311,18801.441709702343,480.30740903404194,Ansor
312,18818.46904092136,480.5856168041156,Ansor
313,18836.90156155527,480.9568446928154,Ansor
314,18854.566446611283,481.41043716462275,Ansor
315,18874.314573299336,481.8121403711344,Ansor
316,18888.966116199044,481.9949746052109,Ansor
317,18985.049976628794,482.9287758789691,Ansor
318,19057.96145236448,484.86348412737635,Ansor
319,19147.70212927565,485.8647896075195,Ansor
320,19174.71515000683,486.9788661790217,Ansor
321,19189.02825841995,487.15633423637814,Ansor
322,19205.73228179002,487.5273604481385,Ansor
323,19235.22875896574,490.322590228358,Ansor
324,19251.053979841836,490.7482129324102,Ansor
325,19265.919291708164,491.02447519130766,Ansor
326,19283.07820702918,491.36613042861194,Ansor
327,19298.766208639965,491.66779709227166,Ansor
328,19314.065491857767,491.94284216325144,Ansor
329,19331.434935059544,492.45393732121215,Ansor
330,19347.521301833905,492.82207278914507,Ansor
331,19365.32605241211,493.53977789353297,Ansor
332,19386.668138446694,494.47913727524787,Ansor
333,19401.098091469048,494.74227101249886,Ansor
334,19416.269623718938,494.9706320376387,Ansor
335,19434.01222017409,495.6337486228733,Ansor
336,19456.61464049686,496.48272373048684,Ansor
337,19472.27935251125,496.7136657725219,Ansor
338,19489.182132320333,497.25625615292654,Ansor
339,19503.420545874462,497.56391335270183,Ansor
340,19517.958605425873,497.83767150974546,Ansor
341,19533.56743749375,498.3806608869102,Ansor
342,19554.88193099674,499.4041579251838,Ansor
343,19568.862103580523,499.680082356893,Ansor
344,19584.170611927002,499.9820407937747,Ansor
345,19598.93476274306,500.21608101606654,Ansor
346,19613.69113087554,500.46068310595643,Ansor
347,19631.514803041962,500.88133645345937,Ansor
348,19649.905232444413,501.6364449037511,Ansor
349,19665.068691486358,501.86789483489014,Ansor
350,19679.9246634175,502.1133584815345,Ansor
351,19694.447686014715,502.3890265788776,Ansor
352,19712.401865385196,503.00438523368416,Ansor
353,19729.598895851774,503.65082935320373,Ansor
354,19746.412373179624,504.0318957346519,Ansor
355,19761.788511923314,504.33864206874966,Ansor
356,19777.872149741816,504.7178317404899,Ansor
357,19792.755159875036,505.01983543840527,Ansor
358,19810.877562592977,505.64630342724615,Ansor
359,19826.703417281784,505.74974582108973,Ansor
360,19843.069710750988,506.0764610788659,Ansor
361,19859.869713833294,506.62019619579263,Ansor
362,19875.563240860614,506.9657044162482,Ansor
363,19890.73130089733,507.18356911743973,Ansor
364,19906.2413828873,507.4871811197122,Ansor
365,19922.211019792274,507.7936490118218,Ansor
366,19940.355042093877,508.208643225368,Ansor
367,19961.836537653046,509.02771879747365,Ansor
368,19977.251364439726,509.3524526081791,Ansor
369,19992.781005180175,509.7857103655413,Ansor
370,20009.081382373046,510.2047422586161,Ansor
371,20025.261752278475,510.56151915249893,Ansor
372,20043.479450164214,511.11164708799447,Ansor
373,20060.805776376415,511.6453755251376,Ansor
374,20078.29999465181,512.0452358664103,Ansor
375,20094.88532088568,512.3714367289891,Ansor
376,20113.01081322304,513.1454371331193,Ansor
377,20136.74860171641,514.0983075290824,Ansor
378,20154.083207204014,514.4687295988159,Ansor
379,20169.850504949514,514.9807433966103,Ansor
380,20185.59198413166,515.4235780440765,Ansor
381,20317.546929209046,519.6099552495048,Ansor
382,20400.064266464327,520.2600961886221,Ansor
383,20537.78035688447,524.0599734700412,Ansor
384,20552.010790557095,524.223036929597,Ansor
385,20568.612124060095,524.792418163057,Ansor
386,20582.059377434452,525.0574116519277,Ansor
387,20595.32931726634,525.2758684320942,Ansor
388,20608.192439888822,525.439259571591,Ansor
389,20622.95345293055,525.7769006351181,Ansor
390,20636.142487500056,525.970942336217,Ansor
391,20650.15983600659,526.3429863894877,Ansor
392,20668.60376547192,526.8665772964765,Ansor
393,20692.247401340886,528.1620258225844,Ansor
394,20721.0838516367,529.4658257150267,Ansor
395,20734.135787049177,529.6779227477437,Ansor
396,20750.79161563819,530.1511125293606,Ansor
397,20766.102727292437,530.4957110747027,Ansor
398,20781.00477711095,530.7800223385699,Ansor
399,20798.881021936322,531.3207591683826,Ansor
400,20814.362024674516,531.9275865094627,Ansor
401,20828.89142890941,532.2510322956996,Ansor
402,20845.51515694485,532.9451178852609,Ansor
403,20872.722499931464,534.8220243799165,Ansor
404,20888.841787607664,535.46887979148,Ansor
405,20904.827282163576,536.1200062327655,Ansor
406,20921.4211836241,536.6007702760224,Ansor
407,20935.121315796696,536.8999580122498,Ansor
408,20949.51144624927,537.282228658095,Ansor
409,20963.328242518106,537.4859297920758,Ansor
410,20977.045451816684,537.7483164300105,Ansor
411,20991.917168853113,538.176811820698,Ansor
412,21008.154151646406,538.7975638972188,Ansor
413,21027.598408878282,539.4489464618943,Ansor
414,21050.20138382789,540.1808353453724,Ansor
415,21070.17424462508,541.0325402508225,Ansor
416,21088.832025352924,541.8326690554436,Ansor
417,21106.634257526643,542.4441386288639,Ansor
418,21123.377339552684,543.0037189869839,Ansor
419,21139.891091166126,543.5485379075637,Ansor
420,21156.75534459572,544.0950814049036,Ansor
421,21171.518821490372,544.4419738044433,Ansor
422,21187.51648147042,544.9696892162862,Ansor
423,21203.87690679438,545.5676751577132,Ansor
424,21216.962794397703,545.7402982326056,Ansor
425,21233.911907083533,546.3270654237,Ansor
426,21253.992319565237,547.7832972746315,Ansor
427,21268.091419729113,548.0702952040364,Ansor
428,21285.83210007083,548.8293534149841,Ansor
429,21301.01075223222,549.2008519172177,Ansor
430,21315.511680603366,549.4538817884045,Ansor
431,21332.238862756,550.0380949616263,Ansor
432,21349.253769775885,550.5673931857809,Ansor
433,21368.57771588925,551.1572168509624,Ansor
434,21385.542864424242,551.8593915795828,Ansor
435,21399.722527527665,552.1016991444546,Ansor
436,21414.796356658553,552.4328438451535,Ansor
437,21427.852989930183,552.5951249224057,Ansor
438,21448.791982347157,553.5831935785559,Ansor
439,21466.764109189615,554.2767971731723,Ansor
440,21482.403585680964,554.7250495728015,Ansor
441,21497.888009575538,555.0909463021145,Ansor
442,21514.003409905523,555.6381271056804,Ansor
443,21528.645668915964,556.0285850463978,Ansor
444,21546.148659427625,556.8524652249912,Ansor
445,21653.05583827787,559.509081967201,Ansor
446,21752.25407340472,562.010106078072,Ansor
447,21864.051652734695,565.207563300749,Ansor
448,21884.193898847418,565.636457434036,Ansor
449,21900.224890112946,566.0864779948645,Ansor
450,21916.575819862064,566.6705427148177,Ansor
451,21935.41897226603,567.5669171926205,Ansor
452,21952.36006541968,568.1425576311301,Ansor
453,21966.316002518168,568.3940840131634,Ansor
454,21981.216611947333,568.7861317876562,Ansor
455,21999.760830698553,569.556696230036,Ansor
456,22014.039594770184,569.827948406785,Ansor
457,22030.822886964626,570.4680278406014,Ansor
458,22045.83240887286,570.8407203378122,Ansor
459,22060.190616554315,571.1547106878226,Ansor
460,22076.988734639042,572.2924500904027,Ansor
461,22091.980706467555,572.7773630748044,Ansor
462,22106.014462408082,573.0722765971763,Ansor
463,22120.142825208837,573.4053590535239,Ansor
464,22133.490682585718,573.7461686999143,Ansor
465,22148.576185179176,574.183045513428,Ansor
466,22168.965512837163,575.4654820717012,Ansor
467,22183.337258489428,575.9445162628932,Ansor
468,22201.574479200848,576.7803004560601,Ansor
469,22214.7141266028,577.061830977354,Ansor
470,22229.734971601458,577.436299566558,Ansor
471,22245.146020944525,577.8052107426781,Ansor
472,22261.91959559131,578.4647536396475,Ansor
473,22278.032253787936,579.0077536446848,Ansor
474,22294.277275954453,579.5104550243497,Ansor
475,22311.875128288222,580.4486125024656,Ansor
476,22326.629560822646,580.9156290623096,Ansor
477,22340.46251174611,581.2249074754282,Ansor
478,22355.608155857506,581.6165542248858,Ansor
479,22370.773246304052,582.1206345307302,Ansor
480,22389.824395486743,583.3226413613726,Ansor
481,22404.723983537137,583.7763398588764,Ansor
482,22425.190445873952,584.435596147295,Ansor
483,22441.394527029897,584.9111447619487,Ansor
484,22458.587794223426,585.7710238739385,Ansor
485,22487.585635083084,588.034298055068,Ansor
486,22501.89462116381,588.4377959870352,Ansor
487,22521.538434627317,589.0847681278584,Ansor
488,22538.31848679076,589.5322066792585,Ansor
489,22557.027207180785,590.2771587379916,Ansor
490,22572.64560515542,590.713271951596,Ansor
491,22594.159406203627,591.8197445826764,Ansor
492,22611.34302083796,592.6874815708584,Ansor
493,22630.018796844393,593.7374962189626,Ansor
494,22646.039270465186,594.2353061446506,Ansor
495,22663.51839257776,594.946386886879,Ansor
496,22686.33625387103,596.5550469732341,Ansor
497,22704.9957599333,597.1668279560266,Ansor
498,22721.78432439991,597.9292170740972,Ansor
499,22738.013197550485,598.7368587077879,Ansor
500,22753.95437343194,599.1486697559334,Ansor
501,22771.908566887178,599.8275086288673,Ansor
502,22788.55690866195,600.319123737113,Ansor
503,22805.555757545426,601.0184478956078,Ansor
504,22822.0546727809,601.6696466168119,Ansor
505,22836.760895849122,602.0972226456738,Ansor
506,22854.044450353722,602.8458312307498,Ansor
507,22872.25299081564,603.6267521900668,Ansor
508,22888.19308286348,604.0219598577906,Ansor
509,22999.96089262215,606.148882970282,Ansor
510,23108.602181397633,608.1082084750813,Ansor
511,23214.311186443778,610.8879925534125,Ansor
512,23230.21684754785,611.1756850134078,Ansor
513,23248.87715047299,612.1385253418437,Ansor
514,23265.10639975335,612.8269902802243,Ansor
515,23283.886364817554,613.6824477519034,Ansor
516,23297.681799598395,614.0941079997148,Ansor
517,23312.097396559748,614.4746951923383,Ansor
518,23325.501135645085,614.7640853379594,Ansor
519,23340.965931856746,615.3453851482998,Ansor
520,23357.229718969942,615.8991500494266,Ansor
521,23372.441124784433,616.3221691444866,Ansor
522,23387.03257808497,616.8800138263758,Ansor
523,23412.831901849746,618.5948077430376,Ansor
524,23427.049563660505,619.0161657015991,Ansor
525,23443.778783118603,619.8957637351425,Ansor
526,23464.41168972631,620.9306843900321,Ansor
527,23480.298903288825,621.5288915633886,Ansor
528,23501.584340663223,623.3267337404318,Ansor
529,23518.033674162674,623.9391902597321,Ansor
530,23533.980847374296,624.6480827663958,Ansor
531,23548.16564678512,625.0969029754516,Ansor
532,23564.12234050436,625.8155887999233,Ansor
533,23582.363191861372,626.9322870816627,Ansor
534,23595.74934816562,627.2210543981339,Ansor
535,23613.113439093664,627.9303267817885,Ansor
536,23629.011719314803,628.6323008496686,Ansor
537,23645.871873556145,629.3179586531527,Ansor
538,23665.19140243925,630.2219162576963,Ansor
539,23682.928045961908,631.031997197651,Ansor
540,23710.01277354713,633.1326917013263,Ansor
541,23727.278638812102,633.9930076694999,Ansor
542,23741.62961039399,634.4265095655509,Ansor
543,23754.840326114125,634.7125911765061,Ansor
544,23770.89137911753,635.3508198767762,Ansor
545,23786.714187023666,635.8377038065383,Ansor
546,23804.97313990763,636.6136162667705,Ansor
547,23820.42100944555,637.122687932196,Ansor
548,23834.68330461356,637.5021574510766,Ansor
549,23850.155396584145,637.9221473251267,Ansor
550,23869.28431406993,639.0401294149202,Ansor
551,23890.727654207363,639.8725030719887,Ansor
552,23904.296735373362,640.1527384572786,Ansor
553,23919.367299580797,640.5346024630826,Ansor
554,23933.98725182604,641.0058022988886,Ansor
555,23951.280061319634,641.6522763129817,Ansor
556,23965.326137693526,641.9277032384475,Ansor
557,23988.096509153886,643.0941844776859,Ansor
558,24004.30852481657,643.7639855852835,Ansor
559,24021.88461475096,644.6820391174629,Ansor
560,24037.60785062476,645.1911527100557,Ansor
561,24054.352525449962,645.7342190476035,Ansor
562,24068.795346176314,646.1421598873972,Ansor
563,24089.061821490734,647.2822424709607,Ansor
564,24103.840233291892,647.679896766913,Ansor
565,24125.405333188606,649.921894346231,Ansor
566,24149.23405108364,651.9975099579685,Ansor
567,24165.167474811737,652.5115833716693,Ansor
568,24183.576734927377,653.1916869621742,Ansor
569,24198.63390040026,653.5787603206446,Ansor
570,24214.50412743907,654.1073734492799,Ansor
571,24227.910009054212,654.3900374991813,Ansor
572,24242.51717898285,654.7662638800664,Ansor
573,24343.300223550214,656.7981823243737,Ansor
574,24427.233616767207,658.733344036753,Ansor
575,24508.783395119746,660.4837477951859,Ansor
576,24528.57076694698,661.2393864181304,Ansor
577,24546.428651427133,662.0898608812277,Ansor
578,24564.554469001763,663.1557716893843,Ansor
579,24580.51998557484,664.0354185805894,Ansor
580,24594.266150297535,664.362829266653,Ansor
581,24609.527420850143,665.0840969385648,Ansor
582,24625.27132029756,665.8065573963075,Ansor
583,24645.60753090002,666.8636358874361,Ansor
584,24664.850293196458,668.3138709873393,Ansor
585,24680.90295374185,669.1187050055817,Ansor
586,24696.940712535416,669.8924620368273,Ansor
587,24714.777736837026,670.9893458056039,Ansor
588,24732.536142970206,671.8444613361155,Ansor
589,24752.25541918051,673.1352084037795,Ansor
590,24766.527912979145,673.5908145944246,Ansor
591,24783.268664043357,674.231334367223,Ansor
592,24798.189978298036,674.789523915496,Ansor
593,24811.433914491125,675.1015284786935,Ansor
594,24827.17690746694,675.830168294585,Ansor
595,24843.78020741682,676.8734886299741,Ansor
596,24862.201182043817,677.9479008179565,Ansor
597,24877.755560309204,678.465676112983,Ansor
598,24892.86854561156,679.0840052527869,Ansor
599,24908.748244280483,679.8201783832594,Ansor
600,24922.008993448686,680.1761625808049,Ansor
601,24937.7430115894,680.9887736429782,Ansor
602,24954.762571179002,681.8623337303918,Ansor
603,24973.315455563854,683.0564652825312,Ansor
604,24986.450385361804,683.3632589842642,Ansor
605,25001.764512555692,683.9098027207486,Ansor
606,25018.215260578676,684.634690265227,Ansor
607,25034.059997359334,685.2046844244704,Ansor
608,25050.792890035118,686.0974073037066,Ansor
609,25066.027001953535,686.586719855388,Ansor
610,25081.039050707175,687.1274674354812,Ansor
611,25097.14009025339,687.9774827768013,Ansor
612,25112.692238776537,688.5213430997433,Ansor
613,25125.923935190825,688.8725910668811,Ansor
614,25141.26819529876,689.474436410125,Ansor
615,25155.356067516557,689.8686023831641,Ansor
616,25172.190956085375,690.3903766112895,Ansor
617,25191.4767523802,691.3891322533658,Ansor
618,25207.69778377267,692.075973633644,Ansor
619,25223.656358011725,692.8085948847164,Ansor
620,25239.600271411105,693.4207816089103,Ansor
621,25254.605581595526,693.9730389552311,Ansor
622,25270.448374052852,694.8873495817999,Ansor
623,25286.006987663925,695.5027798295675,Ansor
624,25302.22315457505,696.144216440647,Ansor
625,25323.37943907831,697.5040536119656,Ansor
626,25340.30516653796,698.4334772748559,Ansor
627,25353.231194826854,698.6928398198193,Ansor
628,25369.12925514958,699.2520869214187,Ansor
629,25386.721579056957,700.2204386410402,Ansor
630,25406.16105160717,701.177274980618,Ansor
631,25422.637900292284,701.5608812890576,Ansor
632,25437.64909181894,702.0961745488216,Ansor
633,25457.542455224102,703.7440784275188,Ansor
634,25473.877060824783,704.4754920440153,Ansor
635,25489.342904014356,704.8719963175075,Ansor
636,25503.797897980945,705.2560144694663,Ansor
637,25585.790242168576,706.9863542783457,Ansor
638,25674.965735457048,709.2654978723676,Ansor
639,25747.12300668964,709.5154390855589,Ansor
640,25766.736435075767,710.1487199777313,Ansor
641,25783.006549790374,710.9586953802761,Ansor
642,25802.39965251083,712.0801094374825,Ansor
643,25826.631831573744,713.7144310916995,Ansor
644,25839.584244352685,714.0594269968049,Ansor
645,25854.134736162123,714.6378454258485,Ansor
646,25868.320137120856,715.1192274535736,Ansor
647,25883.61370703905,715.9500515413129,Ansor
648,25898.0674498258,716.5124715539685,Ansor
649,25913.80073661636,717.1465697243157,Ansor
650,25928.374422100223,717.7700797897347,Ansor
651,25943.806752403685,718.4814173732275,Ansor
652,25957.64351768234,718.8987591582264,Ansor
653,25971.47630068798,719.3355199217375,Ansor
654,25985.9148139929,719.8720454761893,Ansor
655,25998.766741759788,720.1632301848861,Ansor
656,26013.337417195457,720.6075327745244,Ansor
657,26029.3770765034,721.3649127766377,Ansor
658,26047.02053658367,722.3739734441707,Ansor
659,26062.489947873415,723.1067513363221,Ansor
660,26081.49101382217,724.3833852690038,Ansor
661,26098.51457265036,725.3088677486078,Ansor
662,26113.479412192093,726.0576047685055,Ansor
663,26129.30557601105,726.8799985715584,Ansor
664,26146.68249207299,727.6616838756873,Ansor
665,26167.235137061176,728.6871723739972,Ansor
666,26183.557499047754,729.1427310171047,Ansor
667,26198.558879221506,729.7824820703257,Ansor
668,26213.075300597975,730.2754606309378,Ansor
669,26229.461956497482,731.0033036307096,Ansor
670,26249.99472594593,732.7193029179107,Ansor
671,26265.695315321795,733.3137099290659,Ansor
672,26281.229473052743,734.0427465985726,Ansor
673,26297.857617542646,734.9729152465993,Ansor
674,26311.68356152657,735.4020215938036,Ansor
675,26326.231434406294,735.9355952513869,Ansor
676,26344.686718574656,737.2274338166798,Ansor
677,26361.008919617754,737.6148221461422,Ansor
678,26378.658851979064,738.573139921126,Ansor
679,26394.13564444895,739.1169256263329,Ansor
680,26408.075239888258,739.5589751978601,Ansor
681,26422.60868942512,740.0612989818974,Ansor
682,26436.191519471417,740.3942581604894,Ansor
683,26450.051737123373,740.8158960277815,Ansor
684,26464.341565514744,741.3235064654128,Ansor
685,26481.661174980152,742.1003088350105,Ansor
686,26502.513764886622,743.8823775957502,Ansor
687,26517.06438767988,744.3578126215988,Ansor
688,26533.17288363941,745.104601470735,Ansor
689,26548.584247885534,745.7550037876691,Ansor
690,26566.339713706933,746.6689872032158,Ansor
691,26588.659306677397,747.9401010942901,Ansor
692,26605.87239678692,748.7866057789485,Ansor
693,26620.161474493805,749.1666387022431,Ansor
694,26634.133511445794,749.62642867965,Ansor
695,26649.584148592046,750.1838287690068,Ansor
696,26672.287153227222,751.9987837236124,Ansor
697,26688.446577805178,752.6057575360124,Ansor
698,26702.671606453012,753.0162578612868,Ansor
699,26724.282812261383,754.2939815836726,Ansor
700,26742.07095673701,755.22198095203,Ansor
701,26838.834864073488,756.6234530857001,Ansor
702,26949.648940190742,758.1692638920161,Ansor
703,27047.894202486972,759.4294046099159,Ansor
704,27061.423693233086,759.7488797651505,Ansor
705,27075.89032127602,760.2250701877047,Ansor
706,27098.31069869842,761.7403071899917,Ansor
707,27114.38387576676,762.5086282936262,Ansor
708,27131.496472409493,763.4363309715797,Ansor
709,27145.890031107738,764.1282373651275,Ansor
710,27160.09636435346,764.7458134711317,Ansor
711,27174.05319725313,765.1733053829865,Ansor
712,27201.2038344343,767.8313667579414,Ansor
713,27215.846608900887,768.4406924715836,Ansor
714,27231.28591475857,769.1553151466219,Ansor
715,27244.657021511142,769.6256948238147,Ansor
716,27259.405191970607,770.3144498343615,Ansor
717,27281.525358172705,772.3851725777583,Ansor
718,27295.106764005122,772.7604025069642,Ansor
719,27311.874625043965,773.6161328575892,Ansor
720,27330.694372428257,774.971194500775,Ansor
721,27354.769650672057,777.2020360293318,Ansor
722,27369.093255371517,777.6989464615865,Ansor
723,27384.03798683162,778.286962887095,Ansor
724,27398.87072361368,778.864776546774,Ansor
725,27416.94674939776,779.7093121973811,Ansor
726,27440.002542327584,781.7304738708273,Ansor
727,27457.02421435936,782.483839727091,Ansor
728,27471.571252274003,783.0925203544676,Ansor
729,27488.780347596326,784.0400475665057,Ansor
730,27506.216541504884,784.858480454133,Ansor
731,27521.16581235366,785.3818298914199,Ansor
732,27541.95443037621,786.9267731485356,Ansor
733,27562.128835725285,788.4331383200562,Ansor
734,27578.120179674905,789.1022799090589,Ansor
735,27592.932391091286,789.690341093634,Ansor
736,27607.815467246313,790.226386409623,Ansor
737,27621.227306945122,790.6293478019617,Ansor
738,27638.95172700818,791.8003109634484,Ansor
739,27656.391554134672,793.020566497556,Ansor
740,27670.033086149833,793.4432972641824,Ansor
741,27686.435115701537,794.3985093491123,Ansor
742,27702.780419413604,795.2734884674489,Ansor
743,27716.778754700845,795.7471500489451,Ansor
744,27732.646106006992,796.2349162925932,Ansor
745,27746.95733726883,796.6543353902057,Ansor
746,27762.327664184915,797.1804200361779,Ansor
747,27777.97424435776,797.7783709004595,Ansor
748,27794.83555663967,798.6155953494197,Ansor
749,27815.550918854562,800.2800420105464,Ansor
750,27834.576914959714,801.7342854509851,Ansor
751,27850.639332169507,802.5123634664218,Ansor
752,27872.285345110555,804.0811617254204,Ansor
753,27889.617983756776,804.9269476985725,Ansor
754,27904.603656344985,805.5085993218346,Ansor
755,27918.882530552182,805.943188094059,Ansor
756,27933.648271651782,806.5925465436804,Ansor
757,27948.912265470528,807.1438648141501,Ansor
758,27963.547526279388,807.6734538138357,Ansor
759,27978.81869390305,808.3651771439083,Ansor
760,27999.7432665497,809.6541552872701,Ansor
761,28017.503386710072,810.5383348419068,Ansor
762,28033.789304421676,811.3079671115397,Ansor
763,28050.854019948743,811.9552002393909,Ansor
764,28066.15661192113,812.615963283963,Ansor
765,28150.875523186936,812.9529467128574,Ansor
766,28239.02347026711,813.5695280352306,Ansor
767,28343.31384453513,814.4125552320161,Ansor
768,28358.559957021225,814.7404112350021,Ansor
769,28372.163614388297,815.2465620111147,Ansor
770,28386.564027125107,815.7978167265397,Ansor
771,28403.767591033735,817.0915923393409,Ansor
772,28419.20124901943,817.8493191835006,Ansor
773,28434.058783989298,818.3428856750822,Ansor
774,28446.430111858917,818.6077128306342,Ansor
775,28461.721611062378,819.3125031670606,Ansor
776,28478.266585417132,820.3302510809377,Ansor
777,28493.667097191275,820.9774005915592,Ansor
778,28515.745815362967,822.6406957951215,Ansor
779,28530.011821860535,823.2779126695335,Ansor
780,28544.18194995473,823.8723548748585,Ansor
781,28558.709917238713,824.325835425049,Ansor
782,28574.237665999775,824.9884962137152,Ansor
783,28589.584145122168,825.727989050492,Ansor
784,28603.02586070012,826.13188460833,Ansor
785,28619.73564581219,826.9017106172,Ansor
786,28635.616847580495,827.7622028982964,Ansor
787,28650.493686117017,828.4504036809702,Ansor
788,28665.58579201199,828.9798873147324,Ansor
789,28679.53767802287,829.4049999022799,Ansor
790,28699.11317101349,830.908976924449,Ansor
791,28713.541993716168,831.4143777311114,Ansor
792,28727.782057343637,831.8765075605992,Ansor
793,28743.08383532922,832.4130010246015,Ansor
794,28758.932216224668,833.3649208384282,Ansor
795,28773.515315294073,833.9561543317922,Ansor
796,28787.926119320084,834.5492732877593,Ansor
797,28803.124864163397,835.2119375694514,Ansor
798,28817.167003286308,835.6623274685282,Ansor
799,28834.54719935978,836.7533303508138,Ansor
800,28858.361526955116,839.1646115796025,Ansor
801,28875.736970935108,840.1383983331482,Ansor
802,28891.886352423717,841.0252272468248,Ansor
803,28908.274837035966,841.9332559723248,Ansor
804,28925.265684428632,842.8452298429856,Ansor
805,28941.230373022438,843.6475142232107,Ansor
806,28955.792734175484,844.2403013159259,Ansor
807,28970.804972050602,845.0099823237937,Ansor
808,28985.343490899977,845.5367643435778,Ansor
809,29004.121698876963,846.8184426827054,Ansor
810,29019.906060494013,847.8175894269859,Ansor
811,29033.36847208625,848.166260773098,Ansor
812,29048.342457937433,848.7661414566122,Ansor
813,29062.39751467844,849.3256481585927,Ansor
814,29076.503866110026,849.7844828251697,Ansor
815,29093.345521652005,850.6371579042866,Ansor
816,29106.89579945471,851.0294151359708,Ansor
817,29129.141672470756,852.2501659785132,Ansor
818,29144.51142334004,852.8671354047722,Ansor
819,29168.808185850376,854.6993285784237,Ansor
820,29182.297368979373,855.0178290346843,Ansor
821,29200.12025391303,856.2442542218787,Ansor
822,29217.819493408384,857.1802068646687,Ansor
823,29239.71415216194,859.230103890697,Ansor
824,29258.00186077692,860.7985167169919,Ansor
825,29273.637614316733,861.5677798964346,Ansor
826,29291.056535406366,862.4686941368755,Ansor
827,29304.15122487443,862.8228035929662,Ansor
828,29322.60732132296,863.9847122988658,Ansor
829,29439.310453585134,864.8765350107676,Ansor
830,29526.882845733995,865.3892526494004,Ansor
831,29626.831582076073,866.4971150220341,Ansor
832,29644.96296079977,867.0214570281624,Ansor
833,29666.18515216708,868.5164270886527,Ansor
834,29687.69885625979,869.9610203839129,Ansor
835,29702.38758269332,870.6710087826092,Ansor
836,29716.78518088153,871.3693717571698,Ansor
837,29731.338250251043,872.0275605235788,Ansor
838,29754.72277414539,873.7782222448584,Ansor
839,29769.60215465838,874.6618280375374,Ansor
840,29782.817259561638,875.0755649141944,Ansor
841,29797.728472360206,875.6832720980384,Ansor
842,29813.52860785255,876.4369321547391,Ansor
843,29827.175642034068,876.8533082808057,Ansor
844,29846.379491577984,878.1470532941534,Ansor
845,29864.441137782218,879.1828357237271,Ansor
846,29881.32820499864,879.9923096766591,Ansor
847,29895.547496010808,880.5520482247523,Ansor
848,29915.209583218668,881.5718872098602,Ansor
849,29929.20013077682,882.0359676800441,Ansor
850,29957.25817857367,884.0385135613384,Ansor
851,29972.645844628194,884.7091265025928,Ansor
852,29987.460707222996,885.329038746261,Ansor
853,30002.884242098356,885.9488300271653,Ansor
854,30019.443295439407,886.5533264477743,Ansor
855,30034.957568825837,887.4613052827999,Ansor
856,30051.527354397687,887.9962226664375,Ansor
857,30085.425265543694,891.5965749385527,Ansor
858,30100.50853319978,892.2137527876711,Ansor
859,30115.771479653602,892.7087471749003,Ansor
860,30131.74638314911,893.4203368218448,Ansor
861,30147.622374978164,894.2830798239391,Ansor
862,30162.480262926678,894.869723880836,Ansor
863,30177.307432733673,895.3829724335886,Ansor
864,30192.987366847563,896.1091625452481,Ansor
865,30206.37598043342,896.5428703530537,Ansor
866,30223.113181934485,897.5948960678177,Ansor
867,30239.874930504717,898.3966652923056,Ansor
868,30257.689801483695,899.7526049744108,Ansor
869,30270.75773041709,900.1258956599218,Ansor
870,30286.032742038282,900.8135789162085,Ansor
871,30300.084789634504,901.307567689384,Ansor
872,30313.995284761655,901.842478550057,Ansor
873,30331.298148329774,902.7778681899174,Ansor
874,30348.528910786416,903.7055309972856,Ansor
875,30362.156714304805,904.1447881485007,Ansor
876,30376.38981524464,904.7174988494584,Ansor
877,30390.764949742763,905.3561907258758,Ansor
878,30405.081688943013,906.0056619217033,Ansor
879,30424.71197841244,907.2622670372899,Ansor
880,30438.613292201313,907.7000426745542,Ansor
881,30452.534415090828,908.106800782986,Ansor
882,30466.77761497666,908.606865039109,Ansor
883,30481.462417368573,909.1202449543526,Ansor
884,30500.282641439007,910.6677203066342,Ansor
885,30517.509956305694,911.53802486167,Ansor
886,30534.5674595468,912.6452248895847,Ansor
887,30550.15928618288,913.0920803914046,Ansor
888,30567.548352204823,914.0598038245304,Ansor
889,30592.768193325588,916.4951697869956,Ansor
890,30608.250879488,917.24564979408,Ansor
891,30632.675642832703,918.9149608886978,Ansor
892,30647.13668386318,919.5312877894719,Ansor
893,30736.8351922024,921.1736186512618,Ansor
894,30841.020988638465,922.3329086858715,Ansor
895,30980.516379638106,924.1644852942151,Ansor
896,30997.49492073178,924.5472777642315,Ansor
897,31014.104992807013,925.5157713223808,Ansor
898,31028.37143932069,926.1928914966506,Ansor
899,31043.58675376861,927.0358649444361,Ansor
900,31057.33749136993,927.610896490634,Ansor
901,31072.991116147197,928.3788459422876,Ansor
902,31090.064731615705,929.3595327074737,Ansor
903,31107.73924346093,930.5740118523522,Ansor
904,31122.23181728387,931.169458133701,Ansor
905,31140.247872994183,932.3160089066158,Ansor
906,31155.500260444904,932.6872262649209,Ansor
907,31175.8816789169,934.3956607711617,Ansor
908,31192.930593619312,935.2889277666812,Ansor
909,31208.10926119333,935.8669419704623,Ansor
910,31223.790613163237,936.7869590549835,Ansor
911,31243.412410747558,938.4203552701274,Ansor
912,31258.646824815758,939.0318763402103,Ansor
913,31278.018064751166,940.0686161330067,Ansor
914,31291.66739257951,940.615526170531,Ansor
915,31308.980000208856,941.7315325316254,Ansor
916,31323.283702251163,942.3578251192489,Ansor
917,31336.56863877271,942.8061392871124,Ansor
918,31351.073926764075,943.4693962092681,Ansor
919,31367.263549138956,944.3449746244337,Ansor
920,31382.315286348814,944.958844046039,Ansor
921,31397.31437200644,945.6190504673664,Ansor
922,31410.240621451052,945.969898631794,Ansor
923,31425.198769221315,946.7305755160896,Ansor
924,31439.63783792531,947.2688441422215,Ansor
925,31456.418022138165,948.2809763449809,Ansor
926,31470.336680563545,948.7711495036344,Ansor
927,31487.53264941623,949.7905656138075,Ansor
928,31502.715460222902,950.381897054766,Ansor
929,31516.93037862824,950.8914047073744,Ansor
930,31541.106826477928,953.146396340731,Ansor
931,31556.13494039822,953.7626797451552,Ansor
932,31573.502073309806,954.5776246583492,Ansor
933,31593.815151406547,955.6859003845633,Ansor
934,31607.850992946685,956.1462639523162,Ansor
935,31628.98717931229,957.9006081614918,Ansor
936,31648.715985640054,959.1671643362973,Ansor
937,31664.106109391498,959.9009321052972,Ansor
938,31678.86340552979,960.3751612105285,Ansor
939,31696.42671669913,961.3447100540963,Ansor
940,31713.9042561578,962.1755907557446,Ansor
941,31732.044830533414,963.4319744142623,Ansor
942,31747.077940735835,964.119245464072,Ansor
943,31761.56095452155,964.7460963850765,Ansor
944,31779.88486072106,965.7565455260251,Ansor
945,31797.051427916933,966.548551409435,Ansor
946,31810.71830526371,966.9925875461507,Ansor
947,31824.929134501264,967.5350606798572,Ansor
948,31840.827237557012,968.2085763462248,Ansor
949,31859.29288017791,969.5637022802583,Ansor
950,31875.05077348816,970.302186044504,Ansor
951,31891.559899262193,971.0432002599606,Ansor
952,31907.893813487986,971.9246940739821,Ansor
953,31923.790134362287,972.7616102829179,Ansor
954,31939.834068723598,973.5442143957738,Ansor
955,31954.075496136218,974.0083582184099,Ansor
956,31967.238346400645,974.3069815538717,Ansor
957,32043.110681568513,974.6977268075831,Ansor
958,32119.115494403944,975.0590608413889,Ansor
959,32204.941523311416,975.5875506922303,Ansor
960,32219.64769984828,975.8587394132064,Ansor
961,32234.527611728252,976.4903471366997,Ansor
962,32252.728859876635,978.1585830270351,Ansor
963,32270.99199654491,979.5226701301489,Ansor
964,32286.97270395705,980.504576072455,Ansor
965,32301.562127268928,981.2858873533775,Ansor
966,32317.836087944434,982.4732172922132,Ansor
967,32334.096358045146,983.5315529050954,Ansor
968,32350.5323464684,984.519078730906,Ansor
969,32377.940279735394,986.7844428835007,Ansor
970,32391.579426664972,987.3497848159966,Ansor
971,32405.054518450506,987.8533031792072,Ansor
972,32422.80112024925,989.0382452196025,Ansor
973,32441.330180723464,990.3102916520792,Ansor
974,32457.19820379641,991.1110928353378,Ansor
975,32478.837741074592,992.6468975481623,Ansor
976,32495.153008613455,993.4926342954362,Ansor
977,32514.913749824453,995.0010222640623,Ansor
978,32530.441634195962,995.8227700659322,Ansor
979,32545.963794917887,996.616186672544,Ansor
980,32562.249638058085,997.3667452074523,Ansor
981,32577.368539293457,998.0347422816357,Ansor
982,32592.014108113228,998.6249140667492,Ansor
983,32613.35683061762,1000.4355273293797,Ansor
984,32632.598846623147,1001.9902363471492,Ansor
985,32653.71256133809,1003.269855894374,Ansor
986,32671.272661482803,1004.613401012651,Ansor
987,32689.42664439227,1005.6584177005218,Ansor
988,32704.74110809275,1006.4142328389026,Ansor
989,32719.651229851912,1007.0631851953634,Ansor
990,32735.254458238993,1007.7750619301896,Ansor
991,32758.014192536564,1010.3348666839587,Ansor
992,32780.446294961905,1012.4159108322124,Ansor
993,32795.01021138003,1013.0401438473964,Ansor
994,32816.843694988565,1015.0561576548944,Ansor
995,32834.02945783266,1015.9918637880694,Ansor
996,32849.731540802226,1016.8351608967579,Ansor
997,32863.05106642986,1017.2582591701215,Ansor
998,32879.396675793956,1018.1383670693051,Ansor
999,32894.731356536366,1018.7064113826387,Ansor
