name,value
alexnet,1.0097523641352792
alexnet,1.0214096703377047
alexnet,0.9495153810354112
alexnet,1.017181422755335
alexnet,1.1134319539927242
densenet_121,0.9989799814827408
densenet_121,1.001016101142668
densenet_121,1.080695967347887
densenet_121,1.0096955433061114
densenet_121,0.9877927272703263
densenet_121,1.00315616154515
densenet_121,0.6953991226555215
densenet_121,0.991451164778799
densenet_121,0.998653624061041
densenet_121,0.9439125174816522
densenet_121,1.0007236307618543
densenet_121,0.9985925315412413
densenet_121,1.002464157706093
densenet_121,0.9987553421156979
densenet_121,0.9980045841060716
densenet_121,0.9928493202713491
densenet_121,1.0239402123233257
densenet_121,0.9977665992286393
densenet_121,1.0046350340887253
densenet_121,1.0017018647417482
densenet_121,0.993690774147985
densenet_121,0.9910361541945456
densenet_121,0.9969236368981582
densenet_121,0.9785381747178465
densenet_121,1.0004310390857312
densenet_121,0.9988169550539104
densenet_121,1.0028368273677808
densenet_121,0.9984356474030395
densenet_121,0.9934205860001687
densenet_121,0.985878290532656
densenet_121,0.9896980806481234
densenet_121,1.001111404017504
densenet_121,0.9957834994277606
densenet_121,1.0047085830309181
densenet_121,0.9894877356916404
densenet_121,0.9973783402849754
densenet_121,0.996877999711721
densenet_121,0.9984418391324562
densenet_121,1.0427242098141223
densenet_121,0.9987973351120392
densenet_121,0.9994210630970835
densenet_121,0.9996592359919486
densenet_121,1.0004778772084346
densenet_121,0.9959177138138745
densenet_121,0.9993014661779056
densenet_121,0.9972908116865749
densenet_121,1.002030734497466
densenet_121,0.9696341389103291
densenet_121,1.000357723092516
densenet_121,0.9978175301679844
densenet_121,0.97840316888896
densenet_121,0.9923849644470897
densenet_121,1.0027620923528666
densenet_121,1.0018574483679554
densenet_121,0.9956437581277173
densenet_121,0.9998296076388208
densenet_121,0.9967919093179699
densenet_121,0.9999581091934431
densenet_121,0.9801608504091196
densenet_121,1.0024558329570465
densenet_121,1.0013953091457584
densenet_121,0.9982235248613021
densenet_121,0.9825924945429843
densenet_121,0.998079105911115
densenet_121,1.0045059527289024
densenet_121,0.9994874078804732
googlenet,0.9292948461845785
googlenet,1.0034833934057428
googlenet,0.9662786668772294
googlenet,1.004998778302655
googlenet,0.9924377864085651
googlenet,0.9950540657544642
googlenet,0.9771577868220109
googlenet,1.0660965577381987
googlenet,1.004603076696464
googlenet,1.0034646749603047
googlenet,0.9754179655534351
googlenet,1.1049183396508964
googlenet,1.0641643836576873
googlenet,0.9967479946524063
googlenet,0.9919184960177039
googlenet,0.9444188321545431
googlenet,0.9939935369052079
googlenet,1.0214834716541856
googlenet,1.0102827190096473
googlenet,1.0018969539384956
googlenet,0.9732179698415815
googlenet,1.2111361588575769
googlenet,1.0046323090107878
googlenet,1.0473602183040391
googlenet,1.0222937297744472
googlenet,1.0029617314737849
googlenet,0.9931726154508643
googlenet,1.003359985235606
googlenet,0.964693651937851
googlenet,1.0060532537786417
googlenet,1.0282517865976861
googlenet,0.9985749749669999
googlenet,1.0000035767042104
googlenet,1.0020818092815207
googlenet,0.9918175094398379
googlenet,1.0012979716770956
googlenet,1.118223672658885
googlenet,1.0228356463830004
googlenet,0.9994052361873184
googlenet,1.138525256472416
googlenet,0.9972945247945532
googlenet,1.015013332702666
googlenet,1.0393893246021473
googlenet,1.00563111459413
googlenet,1.0025935327226576
googlenet,0.9980052857415611
googlenet,1.1215578473478576
googlenet,1.0128193425451557
googlenet,1.01535639056873
googlenet,1.0060957639574168
googlenet,1.003008625973599
inception_v3,1.1076034918083497
inception_v3,0.974620493068704
inception_v3,1.0234240716312908
inception_v3,0.9610120576009392
inception_v3,1.0454563624873805
inception_v3,1.1407201024664324
inception_v3,1.0123727247307177
inception_v3,0.970591291696976
inception_v3,0.9765381569725636
inception_v3,0.994508049650383
inception_v3,1.0412515386296624
inception_v3,0.9863321824559582
inception_v3,0.9952641999804973
inception_v3,0.9990775584839701
inception_v3,0.9892784914029598
inception_v3,0.9770972655618595
inception_v3,1.0331305386135305
inception_v3,1.0442513866415153
inception_v3,1.001958593436555
inception_v3,1.0060955501623534
inception_v3,0.9725876160398123
inception_v3,0.9832626662979689
inception_v3,1.12955163396429
inception_v3,0.9689382541056459
inception_v3,0.9913982580177182
inception_v3,0.970398601218028
inception_v3,0.9851782986882301
inception_v3,1.0146260956355961
inception_v3,1.0683108253418587
inception_v3,0.9962734263240358
inception_v3,1.0028733824289062
inception_v3,1.0142724745134384
inception_v3,1.03838810562747
inception_v3,1.0752223347369396
inception_v3,0.8562283850530005
inception_v3,0.976635800710808
inception_v3,0.9911795836101386
inception_v3,1.0078581879801467
inception_v3,1.0232967290747284
inception_v3,0.9869352053657432
inception_v3,0.9945265312462881
inception_v3,0.9861927389437707
inception_v3,1.06517707959755
inception_v3,0.9895533069692204
inception_v3,1.0029344570872931
inception_v3,1.1075452157808556
inception_v3,1.0520115616288843
inception_v3,0.9884572513860194
inception_v3,1.0096572452185508
mobilenet_v2,1.0109310080047125
mobilenet_v2,0.97023719595105
mobilenet_v2,0.9143525307271293
mobilenet_v2,0.9972608574017396
mobilenet_v2,0.9535167919820055
mobilenet_v2,0.9643760413295455
mobilenet_v2,1.0037911611785097
mobilenet_v2,0.9784714318233554
mobilenet_v2,1.003789930437025
mobilenet_v2,0.9640491058439088
mobilenet_v2,0.8606377632375316
mobilenet_v2,0.9232639000676091
mobilenet_v2,0.8961291970958333
mobilenet_v2,0.9554728226303391
mobilenet_v2,0.9898851520978983
mobilenet_v2,0.9439855570646858
mobilenet_v2,0.9929190147605225
mobilenet_v2,0.9988769423374326
mobilenet_v2,0.9916158001824179
mobilenet_v2,0.9967146642689478
mobilenet_v2,0.9923248363773793
mobilenet_v2,0.9335348625326849
mobilenet_v2,0.9925498177417098
mobilenet_v2,0.9449093053293647
mobilenet_v2,0.9908816440882949
mobilenet_v2,0.9974450613420265
mobilenet_v2,0.9219697497734718
mobilenet_v2,1.014904973957298
mobilenet_v2,0.933326817280572
mobilenet_v2,0.9696484261831319
mobilenet_v3,0.9546410506359233
mobilenet_v3,0.9883045300190317
mobilenet_v3,1.1508444645687117
mobilenet_v3,0.7144195645444227
mobilenet_v3,1.0178683501310593
mobilenet_v3,0.9888571242934184
mobilenet_v3,0.9550912228796843
mobilenet_v3,0.9909676616439141
mobilenet_v3,0.7455877231415636
mobilenet_v3,0.7214273649487811
mobilenet_v3,1.0073791056523953
mobilenet_v3,0.7968805137977274
mobilenet_v3,1.075146757279278
mobilenet_v3,0.9749876611371832
mobilenet_v3,0.9717431596481272
mobilenet_v3,0.8918329741715855
mobilenet_v3,1.0251086300379049
mobilenet_v3,0.9886993200705111
mobilenet_v3,0.9854204193744218
mobilenet_v3,0.9245923913043478
mobilenet_v3,0.9843195046702222
mobilenet_v3,0.9928421234553678
mobilenet_v3,1.020893551626379
mobilenet_v3,0.9926507622735519
mobilenet_v3,0.9785895869787712
mobilenet_v3,0.9733706626762886
mobilenet_v3,0.8085574611836547
mobilenet_v3,1.005039031845029
mobilenet_v3,1.0598023135359116
mobilenet_v3,1.02347142982869
mobilenet_v3,0.9571666414408961
mobilenet_v3,0.8913614300150755
mobilenet_v3,0.8530981296991945
mobilenet_v3,0.9987016773491022
mobilenet_v3,1.013147442008262
mobilenet_v3,0.9993951168348223
mobilenet_v3,0.9819852911712299
mobilenet_v3,0.9188150333902778
mobilenet_v3,0.8920074631529143
mobilenet_v3,1.024414233257562
mobilenet_v3,0.8648337509311302
mobilenet_v3,0.9239415293226952
mobilenet_v3,1.0096797577928447
mobilenet_v3,0.9544834229750341
resnet_18,0.9121388379921254
resnet_18,1.0213039386196274
resnet_18,1.0044016086174077
resnet_18,1.030074952446585
resnet_18,0.9835682683403645
resnet_18,1.0301270455773093
resnet_18,1.1009076034514105
resnet_18,0.8850138596376953
resnet_18,0.8906927230650553
resnet_18,1.0008887608636086
resnet_18,0.9341396210594152
resnet_18,1.0867132407738007
resnet_18,1.0289438015609487
resnet_18,0.9788539125189258
resnet_18,0.993601669491402
resnet_50,1.0568072558161987
resnet_50,1.1795062933968974
resnet_50,1.1013053150523764
resnet_50,1.0807478283760201
resnet_50,1.2043921887257982
resnet_50,1.119725415621025
resnet_50,1.171921894178796
resnet_50,1.1625398642285574
resnet_50,1.0612819849717048
resnet_50,1.1310476647107295
resnet_50,1.046815568728638
resnet_50,1.1271687408053441
resnet_50,1.0733029707460882
resnet_50,1.0459405224604508
resnet_50,1.269644483644517
resnet_50,1.0816183956719432
resnet_50,1.091874699845535
resnet_50,1.2000874059052353
resnet_50,1.1658669904147365
resnet_50,1.0807111472807305
resnet_50,1.1489500106611101
resnet_50,1.0355367092913095
resnet_50,1.2178210036443942
resnet_50,1.082044281709773
resnet_152,0.9857192141010568
resnet_152,0.989721533874099
resnet_152,1.0022016611395537
resnet_152,0.989541167109573
resnet_152,1.1050014176759169
resnet_152,1.056892292600771
resnet_152,1.0020387671500792
resnet_152,0.9936398088499879
resnet_152,1.0704006135670825
resnet_152,0.9890652793741971
resnet_152,0.9981624798950735
resnet_152,0.9856144130071032
resnet_152,1.0006974387380645
resnet_152,0.9976109343472825
resnet_152,1.0035116561571114
resnet_152,1.0081062988853808
resnet_152,0.9983377214775744
resnet_152,0.9992782094128779
resnet_152,0.996875518436628
resnet_152,0.9991586797329312
resnet_152,1.0091034331161064
resnet_152,1.001918886898332
resnet_152,1.0131819549278656
resnet_152,1.0488016818935866
resnext_50,1.0033065908519978
resnext_50,1.0006377328823257
resnext_50,1.0142149155872628
resnext_50,0.9941280374393094
resnext_50,0.9501268863447045
resnext_50,1.0003071123434417
resnext_50,0.8627609342481979
resnext_50,0.9750739212700893
resnext_50,1.0148596009181228
resnext_50,1.073946303966194
resnext_50,0.9890875801219826
resnext_50,1.02716532014562
resnext_50,0.988108624084903
resnext_50,1.2270165110176288
resnext_50,1.1868901269023169
resnext_50,1.0012033539971148
resnext_50,0.9958476084549059
resnext_50,1.0146787215857307
resnext_50,0.9986921433920409
resnext_50,0.9981452689698311
resnext_50,1.009495157609825
resnext_50,1.0375663318301778
resnext_50,0.9985335849773925
resnext_50,0.9962564565146989
vgg_16,1.0590454520256756
vgg_16,1.014506041638703
vgg_16,0.8691790985668759
vgg_16,1.005005621126712
vgg_16,1.0106298508883733
vgg_16,0.9185698362781283
vgg_16,0.996156455532261
vgg_16,1.008981812105328
vgg_16,1.0371121277609117
wide_resnet_50,0.9811852131377934
wide_resnet_50,1.0071465129945218
wide_resnet_50,0.985549077107368
wide_resnet_50,1.032539431351195
wide_resnet_50,1.0262019574052301
wide_resnet_50,1.0596482315972533
wide_resnet_50,1.0747053015668597
wide_resnet_50,0.9817848258476368
wide_resnet_50,1.008609208838204
wide_resnet_50,0.9935828707681997
wide_resnet_50,1.0105445744006707
wide_resnet_50,1.0069419214977164
wide_resnet_50,1.0061336971077932
wide_resnet_50,0.9915005519184841
wide_resnet_50,1.077181139744258
wide_resnet_50,1.003972152014804
wide_resnet_50,0.9826620065653251
wide_resnet_50,0.9939170668382932
wide_resnet_50,1.0059969902273338
wide_resnet_50,1.0059806010048014
wide_resnet_50,1.0034584762771088
wide_resnet_50,0.999995200694333
wide_resnet_50,1.0533466125844304
wide_resnet_50,0.9845227065286651
